원본URL,제목,분야,우선채널,재구성방향,주행동,출고전확인,상태
https://msense.me/math/guides/counting-place-value/,수를 읽는데 개수를 자꾸 틀린다면: 수세기부터 다시 보기,수학,네이버 블로그·Instagram·클립,교재 한 장면→부모 예측 질문→종이 활동,교재형은 정확한 상품; 지도형은 수학과 고전읽기,교재 쪽수·이미지 일치 및 기존 게시 중복 확인,후보·미제작
https://msense.me/math/guides/regrouping-addition/,"받아올림의 작은 1, 아이에게 어떻게 설명할까요?",수학,네이버 블로그·Instagram·클립,교재 한 장면→부모 예측 질문→종이 활동,교재형은 정확한 상품; 지도형은 수학과 고전읽기,교재 쪽수·이미지 일치 및 기존 게시 중복 확인,후보·미제작
https://msense.me/math/guides/subtraction-number-line/,"받아내림이 헷갈릴 때, 12−4를 수직선에서 만나기",수학,네이버 블로그·Instagram·클립,교재 한 장면→부모 예측 질문→종이 활동,교재형은 정확한 상품; 지도형은 수학과 고전읽기,교재 쪽수·이미지 일치 및 기존 게시 중복 확인,후보·미제작
https://msense.me/math/guides/multiplication-light-cards/,구구단을 외워도 곱셈이 낯설다면: 불빛 카드 활용법,수학,네이버 블로그·Instagram·클립,교재 한 장면→부모 예측 질문→종이 활동,교재형은 정확한 상품; 지도형은 수학과 고전읽기,교재 쪽수·이미지 일치 및 기존 게시 중복 확인,후보·미제작
https://msense.me/math/guides/division-meaning/,"나눗셈, 똑같이 나누기와 몇 묶음인지 세기의 차이",수학,네이버 블로그·Instagram·클립,교재 한 장면→부모 예측 질문→종이 활동,교재형은 정확한 상품; 지도형은 수학과 고전읽기,교재 쪽수·이미지 일치 및 기존 게시 중복 확인,후보·미제작
https://msense.me/math/guides/fraction-whole/,"분수를 처음 배울 때, 분모보다 먼저 찾아야 할 것",수학,네이버 블로그·Instagram·클립,교재 한 장면→부모 예측 질문→종이 활동,교재형은 정확한 상품; 지도형은 수학과 고전읽기,교재 쪽수·이미지 일치 및 기존 게시 중복 확인,후보·미제작
https://msense.me/math/guides/equivalent-fractions/,1/2과 2/4는 왜 같을까요? 약분·통분 전의 한 장면,수학,네이버 블로그·Instagram·클립,교재 한 장면→부모 예측 질문→종이 활동,교재형은 정확한 상품; 지도형은 수학과 고전읽기,교재 쪽수·이미지 일치 및 기존 게시 중복 확인,후보·미제작
https://msense.me/math/guides/video-to-workbook/,수학 영상을 봤는데 혼자 못 푼다면: 워크북으로 잇는 법,수학,네이버 블로그·Instagram·클립,교재 한 장면→부모 예측 질문→종이 활동,교재형은 정확한 상품; 지도형은 수학과 고전읽기,교재 쪽수·이미지 일치 및 기존 게시 중복 확인,후보·미제작
https://msense.me/math/guides/quiz-battle-review/,퀴즈 배틀 뒤에 남겨야 할 것: 점수보다 중요한 한 문제,수학,네이버 블로그·Instagram·클립,교재 한 장면→부모 예측 질문→종이 활동,교재형은 정확한 상품; 지도형은 수학과 고전읽기,교재 쪽수·이미지 일치 및 기존 게시 중복 확인,후보·미제작
https://msense.me/math/guides/growth-conversation/,“다 했니?” 대신 묻는 세 가지: 수학 성장 면담 준비,수학,네이버 블로그·Instagram·클립,교재 한 장면→부모 예측 질문→종이 활동,교재형은 정확한 상품; 지도형은 수학과 고전읽기,교재 쪽수·이미지 일치 및 기존 게시 중복 확인,후보·미제작
https://msense.me/math/guides/fraction-word-meaning/,분수 뜻부터 쉽게: 왜 ‘나눈 수’라고 할까요?,수학,네이버 블로그·Instagram·클립,교재 한 장면→부모 예측 질문→종이 활동,교재형은 정확한 상품; 지도형은 수학과 고전읽기,교재 쪽수·이미지 일치 및 기존 게시 중복 확인,후보·미제작
https://msense.me/math/guides/fraction-is-division/,분수와 나눗셈은 같은 뜻일까요? 6÷3과 6/3,수학,네이버 블로그·Instagram·클립,교재 한 장면→부모 예측 질문→종이 활동,교재형은 정확한 상품; 지도형은 수학과 고전읽기,교재 쪽수·이미지 일치 및 기존 게시 중복 확인,후보·미제작
https://msense.me/math/guides/division-to-fraction/,나눗셈을 분수로 바꾸는 법: 18÷6은 왜 18/6일까?,수학,네이버 블로그·Instagram·클립,교재 한 장면→부모 예측 질문→종이 활동,교재형은 정확한 상품; 지도형은 수학과 고전읽기,교재 쪽수·이미지 일치 및 기존 게시 중복 확인,후보·미제작
https://msense.me/math/guides/fraction-part-whole/,전체와 부분으로 분수 이해하기: 8조각 중 1조각,수학,네이버 블로그·Instagram·클립,교재 한 장면→부모 예측 질문→종이 활동,교재형은 정확한 상품; 지도형은 수학과 고전읽기,교재 쪽수·이미지 일치 및 기존 게시 중복 확인,후보·미제작
https://msense.me/math/guides/fraction-equal-parts/,분수는 왜 똑같이 나눠야 할까요?,수학,네이버 블로그·Instagram·클립,교재 한 장면→부모 예측 질문→종이 활동,교재형은 정확한 상품; 지도형은 수학과 고전읽기,교재 쪽수·이미지 일치 및 기존 게시 중복 확인,후보·미제작
https://msense.me/math/guides/read-fractions-as-parts/,분수 읽는 법: “전체 6조각 중 5조각”을 5/6으로,수학,네이버 블로그·Instagram·클립,교재 한 장면→부모 예측 질문→종이 활동,교재형은 정확한 상품; 지도형은 수학과 고전읽기,교재 쪽수·이미지 일치 및 기존 게시 중복 확인,후보·미제작
https://msense.me/math/guides/numerator-denominator/,분자와 분모 뜻: 3/4에서 위아래 수는 무엇일까?,수학,네이버 블로그·Instagram·클립,교재 한 장면→부모 예측 질문→종이 활동,교재형은 정확한 상품; 지도형은 수학과 고전읽기,교재 쪽수·이미지 일치 및 기존 게시 중복 확인,후보·미제작
https://msense.me/math/guides/sharing-less-than-one/,2개를 3명이 나누면 왜 2/3일까요?,수학,네이버 블로그·Instagram·클립,교재 한 장면→부모 예측 질문→종이 활동,교재형은 정확한 상품; 지도형은 수학과 고전읽기,교재 쪽수·이미지 일치 및 기존 게시 중복 확인,후보·미제작
https://msense.me/math/guides/unit-fraction-as-quotient/,2/3은 1/3이 몇 개일까요? 몫을 단위분수로 보기,수학,네이버 블로그·Instagram·클립,교재 한 장면→부모 예측 질문→종이 활동,교재형은 정확한 상품; 지도형은 수학과 고전읽기,교재 쪽수·이미지 일치 및 기존 게시 중복 확인,후보·미제작
https://msense.me/math/guides/fraction-of-a-set/,여러 물건도 전체가 됩니다: 6개 중 5개는 5/6,수학,네이버 블로그·Instagram·클립,교재 한 장면→부모 예측 질문→종이 활동,교재형은 정확한 상품; 지도형은 수학과 고전읽기,교재 쪽수·이미지 일치 및 기존 게시 중복 확인,후보·미제작
https://msense.me/math/guides/fraction-reference-set/,분수에서 ‘무엇의’가 중요한 이유: 3/5 of a bar,수학,네이버 블로그·Instagram·클립,교재 한 장면→부모 예측 질문→종이 활동,교재형은 정확한 상품; 지도형은 수학과 고전읽기,교재 쪽수·이미지 일치 및 기존 게시 중복 확인,후보·미제작
https://msense.me/math/guides/fraction-of-named-set/,우리 반의 1/2이 여학생이라는 말 읽기,수학,네이버 블로그·Instagram·클립,교재 한 장면→부모 예측 질문→종이 활동,교재형은 정확한 상품; 지도형은 수학과 고전읽기,교재 쪽수·이미지 일치 및 기존 게시 중복 확인,후보·미제작
https://msense.me/math/guides/fraction-number-line/,수직선에서 분수 찾기: 0과 1 사이를 어떻게 나눌까?,수학,네이버 블로그·Instagram·클립,교재 한 장면→부모 예측 질문→종이 활동,교재형은 정확한 상품; 지도형은 수학과 고전읽기,교재 쪽수·이미지 일치 및 기존 게시 중복 확인,후보·미제작
https://msense.me/math/guides/plot-fractions-number-line/,분수를 수직선에 표시하는 3단계: 3/4의 위치,수학,네이버 블로그·Instagram·클립,교재 한 장면→부모 예측 질문→종이 활동,교재형은 정확한 상품; 지도형은 수학과 고전읽기,교재 쪽수·이미지 일치 및 기존 게시 중복 확인,후보·미제작
https://msense.me/math/guides/equivalent-fractions-bar-model/,1/2과 2/4가 같은 이유: 막대 그림으로 보기,수학,네이버 블로그·Instagram·클립,교재 한 장면→부모 예측 질문→종이 활동,교재형은 정확한 상품; 지도형은 수학과 고전읽기,교재 쪽수·이미지 일치 및 기존 게시 중복 확인,후보·미제작
https://msense.me/math/guides/equivalent-fractions-split-more/,분자·분모에 같은 수를 곱하면 왜 크기가 같을까?,수학,네이버 블로그·Instagram·클립,교재 한 장면→부모 예측 질문→종이 활동,교재형은 정확한 상품; 지도형은 수학과 고전읽기,교재 쪽수·이미지 일치 및 기존 게시 중복 확인,후보·미제작
https://msense.me/math/guides/equivalent-fractions-building-model/,같은 크기 분수의 빌딩 모델: 1/2층과 3/6칸,수학,네이버 블로그·Instagram·클립,교재 한 장면→부모 예측 질문→종이 활동,교재형은 정확한 상품; 지도형은 수학과 고전읽기,교재 쪽수·이미지 일치 및 기존 게시 중복 확인,후보·미제작
https://msense.me/math/guides/equivalent-fractions-overlay/,투명카드를 겹쳐 같은 크기 분수 찾기,수학,네이버 블로그·Instagram·클립,교재 한 장면→부모 예측 질문→종이 활동,교재형은 정확한 상품; 지도형은 수학과 고전읽기,교재 쪽수·이미지 일치 및 기존 게시 중복 확인,후보·미제작
https://msense.me/math/guides/equivalent-fractions-multiply-rule/,같은 크기 분수 만들기: 2/3을 6/9로 바꾸는 법,수학,네이버 블로그·Instagram·클립,교재 한 장면→부모 예측 질문→종이 활동,교재형은 정확한 상품; 지도형은 수학과 고전읽기,교재 쪽수·이미지 일치 및 기존 게시 중복 확인,후보·미제작
https://msense.me/math/guides/equivalent-fractions-cross-product/,교차곱으로 같은 분수 확인하기: 2/4와 3/6,수학,네이버 블로그·Instagram·클립,교재 한 장면→부모 예측 질문→종이 활동,교재형은 정확한 상품; 지도형은 수학과 고전읽기,교재 쪽수·이미지 일치 및 기존 게시 중복 확인,후보·미제작
https://msense.me/math/guides/reducing-fractions-grouping/,약분은 왜 묶기일까요? 2/4를 1/2로,수학,네이버 블로그·Instagram·클립,교재 한 장면→부모 예측 질문→종이 활동,교재형은 정확한 상품; 지도형은 수학과 고전읽기,교재 쪽수·이미지 일치 및 기존 게시 중복 확인,후보·미제작
https://msense.me/math/guides/fraction-divisor-meaning/,약수 뜻 쉽게: ‘나머지 없이 나누는 수’,수학,네이버 블로그·Instagram·클립,교재 한 장면→부모 예측 질문→종이 활동,교재형은 정확한 상품; 지도형은 수학과 고전읽기,교재 쪽수·이미지 일치 및 기존 게시 중복 확인,후보·미제작
https://msense.me/math/guides/common-divisor-for-fractions/,공약수 찾는 법: 6과 9의 공통 약수,수학,네이버 블로그·Instagram·클립,교재 한 장면→부모 예측 질문→종이 활동,교재형은 정확한 상품; 지도형은 수학과 고전읽기,교재 쪽수·이미지 일치 및 기존 게시 중복 확인,후보·미제작
https://msense.me/math/guides/reducing-to-simplest-form/,기약분수 만드는 법: 12/36을 1/3으로,수학,네이버 블로그·Instagram·클립,교재 한 장면→부모 예측 질문→종이 활동,교재형은 정확한 상품; 지도형은 수학과 고전읽기,교재 쪽수·이미지 일치 및 기존 게시 중복 확인,후보·미제작
https://msense.me/math/guides/compare-fractions-overlap/,"분수 크기 비교, 투명카드로 겹쳐 보면 보입니다",수학,네이버 블로그·Instagram·클립,교재 한 장면→부모 예측 질문→종이 활동,교재형은 정확한 상품; 지도형은 수학과 고전읽기,교재 쪽수·이미지 일치 및 기존 게시 중복 확인,후보·미제작
https://msense.me/math/guides/unit-fractions-near-zero/,"1/2, 1/3, 1/10 중 0에 가장 가까운 분수는?",수학,네이버 블로그·Instagram·클립,교재 한 장면→부모 예측 질문→종이 활동,교재형은 정확한 상품; 지도형은 수학과 고전읽기,교재 쪽수·이미지 일치 및 기존 게시 중복 확인,후보·미제작
https://msense.me/math/guides/fractions-near-one/,"2/3, 3/4, 9/10 중 1에 가장 가까운 분수는?",수학,네이버 블로그·Instagram·클립,교재 한 장면→부모 예측 질문→종이 활동,교재형은 정확한 상품; 지도형은 수학과 고전읽기,교재 쪽수·이미지 일치 및 기존 게시 중복 확인,후보·미제작
https://msense.me/math/guides/common-denominator-meaning/,통분 뜻부터: 왜 분모를 같게 만들까요?,수학,네이버 블로그·Instagram·클립,교재 한 장면→부모 예측 질문→종이 활동,교재형은 정확한 상품; 지도형은 수학과 고전읽기,교재 쪽수·이미지 일치 및 기존 게시 중복 확인,후보·미제작
https://msense.me/math/guides/compare-fractions-common-denominator/,통분해서 분수 크기 비교하기: 2/3과 3/5,수학,네이버 블로그·Instagram·클립,교재 한 장면→부모 예측 질문→종이 활동,교재형은 정확한 상품; 지도형은 수학과 고전읽기,교재 쪽수·이미지 일치 및 기존 게시 중복 확인,후보·미제작
https://msense.me/math/guides/compare-fractions-cross-multiply/,교차곱으로 분수 크기 비교하기: 3/4와 5/7,수학,네이버 블로그·Instagram·클립,교재 한 장면→부모 예측 질문→종이 활동,교재형은 정확한 상품; 지도형은 수학과 고전읽기,교재 쪽수·이미지 일치 및 기존 게시 중복 확인,후보·미제작
https://msense.me/math/guides/like-denominator-addition/,분모가 같은 분수 덧셈: 왜 분모는 더하지 않을까요?,수학,네이버 블로그·Instagram·클립,교재 한 장면→부모 예측 질문→종이 활동,교재형은 정확한 상품; 지도형은 수학과 고전읽기,교재 쪽수·이미지 일치 및 기존 게시 중복 확인,후보·미제작
https://msense.me/math/guides/like-denominator-subtraction/,분모가 같은 분수 뺄셈: 5/7-2/7 계산 원리,수학,네이버 블로그·Instagram·클립,교재 한 장면→부모 예측 질문→종이 활동,교재형은 정확한 상품; 지도형은 수학과 고전읽기,교재 쪽수·이미지 일치 및 기존 게시 중복 확인,후보·미제작
https://msense.me/math/guides/fraction-addition-number-line/,수직선으로 분수 덧셈 보기: 1/2+2/2,수학,네이버 블로그·Instagram·클립,교재 한 장면→부모 예측 질문→종이 활동,교재형은 정확한 상품; 지도형은 수학과 고전읽기,교재 쪽수·이미지 일치 및 기존 게시 중복 확인,후보·미제작
https://msense.me/math/guides/fraction-subtraction-number-line/,수직선으로 분수 뺄셈 보기: 3/2-1/2,수학,네이버 블로그·Instagram·클립,교재 한 장면→부모 예측 질문→종이 활동,교재형은 정확한 상품; 지도형은 수학과 고전읽기,교재 쪽수·이미지 일치 및 기존 게시 중복 확인,후보·미제작
https://msense.me/math/guides/whole-number-as-fraction/,"전체수란 무엇일까요? 2/2, 3/3, 4/4는 모두 1",수학,네이버 블로그·Instagram·클립,교재 한 장면→부모 예측 질문→종이 활동,교재형은 정확한 상품; 지도형은 수학과 고전읽기,교재 쪽수·이미지 일치 및 기존 게시 중복 확인,후보·미제작
https://msense.me/math/guides/whole-number-denominator-form/,자연수를 분수로 나타내기: 3을 분모 4로 쓰면 12/4,수학,네이버 블로그·Instagram·클립,교재 한 장면→부모 예측 질문→종이 활동,교재형은 정확한 상품; 지도형은 수학과 고전읽기,교재 쪽수·이미지 일치 및 기존 게시 중복 확인,후보·미제작
https://msense.me/math/guides/mixed-number-meaning/,대분수 뜻 쉽게: 1과 1/2는 왜 1 1/2일까요?,수학,네이버 블로그·Instagram·클립,교재 한 장면→부모 예측 질문→종이 활동,교재형은 정확한 상품; 지도형은 수학과 고전읽기,교재 쪽수·이미지 일치 및 기존 게시 중복 확인,후보·미제작
https://msense.me/math/guides/mixed-number-number-line/,수직선에서 대분수 찾기: 1과 3/4의 위치,수학,네이버 블로그·Instagram·클립,교재 한 장면→부모 예측 질문→종이 활동,교재형은 정확한 상품; 지도형은 수학과 고전읽기,교재 쪽수·이미지 일치 및 기존 게시 중복 확인,후보·미제작
https://msense.me/math/guides/improper-fraction-meaning/,가분수 뜻: 분자가 분모보다 커도 분수일까요?,수학,네이버 블로그·Instagram·클립,교재 한 장면→부모 예측 질문→종이 활동,교재형은 정확한 상품; 지도형은 수학과 고전읽기,교재 쪽수·이미지 일치 및 기존 게시 중복 확인,후보·미제작
https://msense.me/math/guides/mixed-to-improper/,대분수를 가분수로 바꾸는 원리: 2 3/4,수학,네이버 블로그·Instagram·클립,교재 한 장면→부모 예측 질문→종이 활동,교재형은 정확한 상품; 지도형은 수학과 고전읽기,교재 쪽수·이미지 일치 및 기존 게시 중복 확인,후보·미제작
https://msense.me/math/guides/improper-to-mixed/,가분수를 대분수로 바꾸는 법: 11/5와 몫·나머지,수학,네이버 블로그·Instagram·클립,교재 한 장면→부모 예측 질문→종이 활동,교재형은 정확한 상품; 지도형은 수학과 고전읽기,교재 쪽수·이미지 일치 및 기존 게시 중복 확인,후보·미제작
https://msense.me/math/guides/mixed-number-addition/,대분수 덧셈: 자연수와 분수 부분을 나누어 더하기,수학,네이버 블로그·Instagram·클립,교재 한 장면→부모 예측 질문→종이 활동,교재형은 정확한 상품; 지도형은 수학과 고전읽기,교재 쪽수·이미지 일치 및 기존 게시 중복 확인,후보·미제작
https://msense.me/math/guides/mixed-number-operations-as-improper/,대분수 계산을 가분수로 바꾸면 쉬운 경우,수학,네이버 블로그·Instagram·클립,교재 한 장면→부모 예측 질문→종이 활동,교재형은 정확한 상품; 지도형은 수학과 고전읽기,교재 쪽수·이미지 일치 및 기존 게시 중복 확인,후보·미제작
https://msense.me/math/guides/unlike-denominator-addition/,분모가 다른 분수 덧셈: 1/2+1/3을 바로 더하면 안 되는 이유,수학,네이버 블로그·Instagram·클립,교재 한 장면→부모 예측 질문→종이 활동,교재형은 정확한 상품; 지도형은 수학과 고전읽기,교재 쪽수·이미지 일치 및 기존 게시 중복 확인,후보·미제작
https://msense.me/math/guides/fraction-addition-overlay/,분수 덧셈을 카드로 겹쳐 보기: 겹친 칸도 두 번 세는 이유,수학,네이버 블로그·Instagram·클립,교재 한 장면→부모 예측 질문→종이 활동,교재형은 정확한 상품; 지도형은 수학과 고전읽기,교재 쪽수·이미지 일치 및 기존 게시 중복 확인,후보·미제작
https://msense.me/math/guides/unlike-denominator-subtraction/,분모가 다른 분수 뺄셈: 2/3-1/4 통분하기,수학,네이버 블로그·Instagram·클립,교재 한 장면→부모 예측 질문→종이 활동,교재형은 정확한 상품; 지도형은 수학과 고전읽기,교재 쪽수·이미지 일치 및 기존 게시 중복 확인,후보·미제작
https://msense.me/math/guides/whole-number-times-fraction/,자연수×분수 뜻: 3×1/2은 왜 3/2일까요?,수학,네이버 블로그·Instagram·클립,교재 한 장면→부모 예측 질문→종이 활동,교재형은 정확한 상품; 지도형은 수학과 고전읽기,교재 쪽수·이미지 일치 및 기존 게시 중복 확인,후보·미제작
https://msense.me/math/guides/fraction-of-quantity/,어떤 수의 몇 분의 몇 구하기: 12의 3/4,수학,네이버 블로그·Instagram·클립,교재 한 장면→부모 예측 질문→종이 활동,교재형은 정확한 상품; 지도형은 수학과 고전읽기,교재 쪽수·이미지 일치 및 기존 게시 중복 확인,후보·미제작
https://msense.me/math/guides/fraction-of-quantity-as-division/,5의 1/3은 왜 5/3일까요? 나눗셈으로 이해하기,수학,네이버 블로그·Instagram·클립,교재 한 장면→부모 예측 질문→종이 활동,교재형은 정확한 상품; 지도형은 수학과 고전읽기,교재 쪽수·이미지 일치 및 기존 게시 중복 확인,후보·미제작
https://msense.me/math/guides/fraction-multiplication-area/,"분수×분수는 왜 분자끼리, 분모끼리 곱할까요?",수학,네이버 블로그·Instagram·클립,교재 한 장면→부모 예측 질문→종이 활동,교재형은 정확한 상품; 지도형은 수학과 고전읽기,교재 쪽수·이미지 일치 및 기존 게시 중복 확인,후보·미제작
https://msense.me/math/guides/multiply-fractions-overlay/,투명카드로 분수 곱셈 보기: 겹친 부분만 세기,수학,네이버 블로그·Instagram·클립,교재 한 장면→부모 예측 질문→종이 활동,교재형은 정확한 상품; 지도형은 수학과 고전읽기,교재 쪽수·이미지 일치 및 기존 게시 중복 확인,후보·미제작
https://msense.me/math/guides/divide-as-unit-fraction/,나누기를 단위분수 곱셈으로: 2÷3=2×1/3,수학,네이버 블로그·Instagram·클립,교재 한 장면→부모 예측 질문→종이 활동,교재형은 정확한 상품; 지도형은 수학과 고전읽기,교재 쪽수·이미지 일치 및 기존 게시 중복 확인,후보·미제작
https://msense.me/math/guides/fraction-division-common-denominator/,분수 나눗셈도 통분할 수 있어요: 1/2÷1/3,수학,네이버 블로그·Instagram·클립,교재 한 장면→부모 예측 질문→종이 활동,교재형은 정확한 상품; 지도형은 수학과 고전읽기,교재 쪽수·이미지 일치 및 기존 게시 중복 확인,후보·미제작
https://msense.me/math/guides/divide-fractions-overlay/,투명카드로 분수 나눗셈 보기: 빗금 수÷색칠 수,수학,네이버 블로그·Instagram·클립,교재 한 장면→부모 예측 질문→종이 활동,교재형은 정확한 상품; 지도형은 수학과 고전읽기,교재 쪽수·이미지 일치 및 기존 게시 중복 확인,후보·미제작
https://msense.me/math/guides/reciprocal-fraction-division/,분수 나눗셈에서 왜 뒤집어 곱할까요? 역수의 뜻,수학,네이버 블로그·Instagram·클립,교재 한 장면→부모 예측 질문→종이 활동,교재형은 정확한 상품; 지도형은 수학과 고전읽기,교재 쪽수·이미지 일치 및 기존 게시 중복 확인,후보·미제작
https://msense.me/math/guides/fraction-of-a-fraction/,분수의 분수는 곱셈입니다: 1/2의 2/3,수학,네이버 블로그·Instagram·클립,교재 한 장면→부모 예측 질문→종이 활동,교재형은 정확한 상품; 지도형은 수학과 고전읽기,교재 쪽수·이미지 일치 및 기존 게시 중복 확인,후보·미제작
https://msense.me/math/guides/multiplication-means-repeat/,곱셈의 뜻: 같은 양을 반복해서 더한다는 것은?,수학,네이버 블로그·Instagram·클립,교재 한 장면→부모 예측 질문→종이 활동,교재형은 정확한 상품; 지도형은 수학과 고전읽기,교재 쪽수·이미지 일치 및 기존 게시 중복 확인,후보·미제작
https://msense.me/math/guides/multiplication-symbol-times/,곱하기 기호 ×는 무엇을 하라는 뜻일까요?,수학,네이버 블로그·Instagram·클립,교재 한 장면→부모 예측 질문→종이 활동,교재형은 정확한 상품; 지도형은 수학과 고전읽기,교재 쪽수·이미지 일치 및 기존 게시 중복 확인,후보·미제작
https://msense.me/math/guides/read-a-times-b/,a×b 읽는 법: 무엇을 몇 번 반복할까요?,수학,네이버 블로그·Instagram·클립,교재 한 장면→부모 예측 질문→종이 활동,교재형은 정확한 상품; 지도형은 수학과 고전읽기,교재 쪽수·이미지 일치 및 기존 게시 중복 확인,후보·미제작
https://msense.me/math/guides/multiplication-order-meaning/,"3×7과 7×3, 답은 같아도 뜻은 같을까요?",수학,네이버 블로그·Instagram·클립,교재 한 장면→부모 예측 질문→종이 활동,교재형은 정확한 상품; 지도형은 수학과 고전읽기,교재 쪽수·이미지 일치 및 기존 게시 중복 확인,후보·미제작
https://msense.me/math/guides/equal-groups-meaning/,같은 크기의 묶음이 왜 곱셈이 될까요?,수학,네이버 블로그·Instagram·클립,교재 한 장면→부모 예측 질문→종이 활동,교재형은 정확한 상품; 지도형은 수학과 고전읽기,교재 쪽수·이미지 일치 및 기존 게시 중복 확인,후보·미제작
https://msense.me/math/guides/groups-to-multiplication-expression/,“7묶음 5개씩”을 곱셈식으로 바꾸는 법,수학,네이버 블로그·Instagram·클립,교재 한 장면→부모 예측 질문→종이 활동,교재형은 정확한 상품; 지도형은 수학과 고전읽기,교재 쪽수·이미지 일치 및 기존 게시 중복 확인,후보·미제작
https://msense.me/math/guides/count-animal-parts-with-multiplication/,동물의 다리 수를 곱셈으로 구하는 방법,수학,네이버 블로그·Instagram·클립,교재 한 장면→부모 예측 질문→종이 활동,교재형은 정확한 상품; 지도형은 수학과 고전읽기,교재 쪽수·이미지 일치 및 기존 게시 중복 확인,후보·미제작
https://msense.me/math/guides/zero-groups-in-context/,0이 들어간 곱셈: 없는 것은 몇 묶음이어도 0일까요?,수학,네이버 블로그·Instagram·클립,교재 한 장면→부모 예측 질문→종이 활동,교재형은 정확한 상품; 지도형은 수학과 고전읽기,교재 쪽수·이미지 일치 및 기존 게시 중복 확인,후보·미제작
https://msense.me/math/guides/multiple-meaning/,“3의 10배”를 곱셈식으로 쓰는 방법,수학,네이버 블로그·Instagram·클립,교재 한 장면→부모 예측 질문→종이 활동,교재형은 정확한 상품; 지도형은 수학과 고전읽기,교재 쪽수·이미지 일치 및 기존 게시 중복 확인,후보·미제작
https://msense.me/math/guides/multiplication-stacking-model/,곱셈을 층층이 쌓아 보는 방법,수학,네이버 블로그·Instagram·클립,교재 한 장면→부모 예측 질문→종이 활동,교재형은 정확한 상품; 지도형은 수학과 고전읽기,교재 쪽수·이미지 일치 및 기존 게시 중복 확인,후보·미제작
https://msense.me/math/guides/base-height-product/,곱셈의 밑변과 높이: 직사각형 배열 읽기,수학,네이버 블로그·Instagram·클립,교재 한 장면→부모 예측 질문→종이 활동,교재형은 정확한 상품; 지도형은 수학과 고전읽기,교재 쪽수·이미지 일치 및 기존 게시 중복 확인,후보·미제작
https://msense.me/math/guides/multiplication-length-model/,같은 길이를 이어 붙여 곱셈으로 나타내기,수학,네이버 블로그·Instagram·클립,교재 한 장면→부모 예측 질문→종이 활동,교재형은 정확한 상품; 지도형은 수학과 고전읽기,교재 쪽수·이미지 일치 및 기존 게시 중복 확인,후보·미제작
https://msense.me/math/guides/repeated-addition-to-multiplication/,반복 덧셈을 곱셈으로 바꾸는 법,수학,네이버 블로그·Instagram·클립,교재 한 장면→부모 예측 질문→종이 활동,교재형은 정확한 상품; 지도형은 수학과 고전읽기,교재 쪽수·이미지 일치 및 기존 게시 중복 확인,후보·미제작
https://msense.me/math/guides/multiplication-to-repeated-addition/,곱셈식을 덧셈으로 풀어 쓰는 방법,수학,네이버 블로그·Instagram·클립,교재 한 장면→부모 예측 질문→종이 활동,교재형은 정확한 상품; 지도형은 수학과 고전읽기,교재 쪽수·이미지 일치 및 기존 게시 중복 확인,후보·미제작
https://msense.me/math/guides/multiplication-table-staircase/,곱셈구구의 ‘단’은 왜 계단처럼 보일까요?,수학,네이버 블로그·Instagram·클립,교재 한 장면→부모 예측 질문→종이 활동,교재형은 정확한 상품; 지도형은 수학과 고전읽기,교재 쪽수·이미지 일치 및 기존 게시 중복 확인,후보·미제작
https://msense.me/math/guides/read-multiplication-table/,곱셈표 읽는 법: 가로와 세로가 만나는 수,수학,네이버 블로그·Instagram·클립,교재 한 장면→부모 예측 질문→종이 활동,교재형은 정확한 상품; 지도형은 수학과 고전읽기,교재 쪽수·이미지 일치 및 기존 게시 중복 확인,후보·미제작
https://msense.me/math/guides/make-paper-multiplication-cards/,종이로 구구단 카드를 만드는 가장 간단한 방법,수학,네이버 블로그·Instagram·클립,교재 한 장면→부모 예측 질문→종이 활동,교재형은 정확한 상품; 지도형은 수학과 고전읽기,교재 쪽수·이미지 일치 및 기존 게시 중복 확인,후보·미제작
https://msense.me/math/guides/sort-and-retry-multiplication-cards/,구구단 카드 공부법: 맞힌 카드와 틀린 카드를 따로 두세요,수학,네이버 블로그·Instagram·클립,교재 한 장면→부모 예측 질문→종이 활동,교재형은 정확한 상품; 지도형은 수학과 고전읽기,교재 쪽수·이미지 일치 및 기존 게시 중복 확인,후보·미제작
https://msense.me/math/guides/addition-vs-multiplication/,더하기와 곱하기의 차이: 3+2와 3×2,수학,네이버 블로그·Instagram·클립,교재 한 장면→부모 예측 질문→종이 활동,교재형은 정확한 상품; 지도형은 수학과 고전읽기,교재 쪽수·이미지 일치 및 기존 게시 중복 확인,후보·미제작
https://msense.me/math/guides/addition-multiplication-number-line/,수직선에서 더하기와 곱하기 비교하기,수학,네이버 블로그·Instagram·클립,교재 한 장면→부모 예측 질문→종이 활동,교재형은 정확한 상품; 지도형은 수학과 고전읽기,교재 쪽수·이미지 일치 및 기존 게시 중복 확인,후보·미제작
https://msense.me/math/guides/addition-vs-multiplication-growth/,반복 덧셈과 반복 곱셈은 얼마나 다르게 커질까요?,수학,네이버 블로그·Instagram·클립,교재 한 장면→부모 예측 질문→종이 활동,교재형은 정확한 상품; 지도형은 수학과 고전읽기,교재 쪽수·이미지 일치 및 기존 게시 중복 확인,후보·미제작
https://msense.me/math/guides/commutative-property-array/,곱셈 순서를 바꿔도 답이 같은 이유,수학,네이버 블로그·Instagram·클립,교재 한 장면→부모 예측 질문→종이 활동,교재형은 정확한 상품; 지도형은 수학과 고전읽기,교재 쪽수·이미지 일치 및 기존 게시 중복 확인,후보·미제작
https://msense.me/math/guides/commutative-property-two-sums/,2×6과 6×2를 두 덧셈으로 확인하기,수학,네이버 블로그·Instagram·클립,교재 한 장면→부모 예측 질문→종이 활동,교재형은 정확한 상품; 지도형은 수학과 고전읽기,교재 쪽수·이미지 일치 및 기존 게시 중복 확인,후보·미제작
https://msense.me/math/guides/multiply-by-one/,어떤 수에 1을 곱하면 왜 그대로일까요?,수학,네이버 블로그·Instagram·클립,교재 한 장면→부모 예측 질문→종이 활동,교재형은 정확한 상품; 지도형은 수학과 고전읽기,교재 쪽수·이미지 일치 및 기존 게시 중복 확인,후보·미제작
https://msense.me/math/guides/multiply-by-zero/,어떤 수에 0을 곱하면 왜 0일까요?,수학,네이버 블로그·Instagram·클립,교재 한 장면→부모 예측 질문→종이 활동,교재형은 정확한 상품; 지도형은 수학과 고전읽기,교재 쪽수·이미지 일치 및 기존 게시 중복 확인,후보·미제작
https://msense.me/math/guides/multiply-negative-number/,양수×음수는 왜 음수가 될까요?,수학,네이버 블로그·Instagram·클립,교재 한 장면→부모 예측 질문→종이 활동,교재형은 정확한 상품; 지도형은 수학과 고전읽기,교재 쪽수·이미지 일치 및 기존 게시 중복 확인,후보·미제작
https://msense.me/math/guides/negative-times-negative/,음수×음수는 왜 양수가 될까요?,수학,네이버 블로그·Instagram·클립,교재 한 장면→부모 예측 질문→종이 활동,교재형은 정확한 상품; 지도형은 수학과 고전읽기,교재 쪽수·이미지 일치 및 기존 게시 중복 확인,후보·미제작
https://msense.me/math/guides/multiplication-before-addition/,덧셈과 곱셈이 섞이면 왜 곱셈부터 할까요?,수학,네이버 블로그·Instagram·클립,교재 한 장면→부모 예측 질문→종이 활동,교재형은 정확한 상품; 지도형은 수학과 고전읽기,교재 쪽수·이미지 일치 및 기존 게시 중복 확인,후보·미제작
https://msense.me/math/guides/find-multiplication-chunks/,혼합식에서 곱셈 덩어리를 찾는 법,수학,네이버 블로그·Instagram·클립,교재 한 장면→부모 예측 질문→종이 활동,교재형은 정확한 상품; 지도형은 수학과 고전읽기,교재 쪽수·이미지 일치 및 기존 게시 중복 확인,후보·미제작
https://msense.me/math/guides/left-to-right-mixed-operation-mistake/,혼합계산을 무조건 왼쪽부터 하면 안 되는 이유,수학,네이버 블로그·Instagram·클립,교재 한 장면→부모 예측 질문→종이 활동,교재형은 정확한 상품; 지도형은 수학과 고전읽기,교재 쪽수·이미지 일치 및 기존 게시 중복 확인,후보·미제작
https://msense.me/math/guides/parentheses-meaning/,괄호는 왜 한 덩어리를 만들까요?,수학,네이버 블로그·Instagram·클립,교재 한 장면→부모 예측 질문→종이 활동,교재형은 정확한 상품; 지도형은 수학과 고전읽기,교재 쪽수·이미지 일치 및 기존 게시 중복 확인,후보·미제작
https://msense.me/math/guides/calculate-parentheses-first/,괄호가 있는 곱셈식 계산 순서,수학,네이버 블로그·Instagram·클립,교재 한 장면→부모 예측 질문→종이 활동,교재형은 정확한 상품; 지도형은 수학과 고전읽기,교재 쪽수·이미지 일치 및 기존 게시 중복 확인,후보·미제작
https://msense.me/math/guides/distributive-property-expansion/,분배법칙으로 괄호를 펼치는 이유,수학,네이버 블로그·Instagram·클립,교재 한 장면→부모 예측 질문→종이 활동,교재형은 정확한 상품; 지도형은 수학과 고전읽기,교재 쪽수·이미지 일치 및 기존 게시 중복 확인,후보·미제작
https://msense.me/math/guides/area-model-distributive-property/,넓이 모델로 3×13 계산하기,수학,네이버 블로그·Instagram·클립,교재 한 장면→부모 예측 질문→종이 활동,교재형은 정확한 상품; 지도형은 수학과 고전읽기,교재 쪽수·이미지 일치 및 기존 게시 중복 확인,후보·미제작
https://msense.me/math/guides/distribute-sum-times-number/,(10+3)×2도 분배법칙으로 계산할 수 있어요,수학,네이버 블로그·Instagram·클립,교재 한 장면→부모 예측 질문→종이 활동,교재형은 정확한 상품; 지도형은 수학과 고전읽기,교재 쪽수·이미지 일치 및 기존 게시 중복 확인,후보·미제작
https://msense.me/math/guides/decompose-two-digit-factor/,두 자리 수를 십과 일로 나누어 곱하기,수학,네이버 블로그·Instagram·클립,교재 한 장면→부모 예측 질문→종이 활동,교재형은 정확한 상품; 지도형은 수학과 고전읽기,교재 쪽수·이미지 일치 및 기존 게시 중복 확인,후보·미제작
https://msense.me/math/guides/multiply-by-ten-place-value/,10을 곱하면 자릿값이 어떻게 달라질까요?,수학,네이버 블로그·Instagram·클립,교재 한 장면→부모 예측 질문→종이 활동,교재형은 정확한 상품; 지도형은 수학과 고전읽기,교재 쪽수·이미지 일치 및 기존 게시 중복 확인,후보·미제작
https://msense.me/math/guides/multiply-by-powers-of-ten/,100·1000을 곱하면 왜 0이 늘어날까요?,수학,네이버 블로그·Instagram·클립,교재 한 장면→부모 예측 질문→종이 활동,교재형은 정확한 상품; 지도형은 수학과 고전읽기,교재 쪽수·이미지 일치 및 기존 게시 중복 확인,후보·미제작
https://msense.me/math/guides/multiply-multiples-of-ten/,20×13처럼 0으로 끝나는 수를 곱하는 법,수학,네이버 블로그·Instagram·클립,교재 한 장면→부모 예측 질문→종이 활동,교재형은 정확한 상품; 지도형은 수학과 고전읽기,교재 쪽수·이미지 일치 및 기존 게시 중복 확인,후보·미제작
https://msense.me/math/guides/count-trailing-zeros-product/,0으로 끝나는 수끼리 곱할 때 0을 세는 이유,수학,네이버 블로그·Instagram·클립,교재 한 장면→부모 예측 질문→종이 활동,교재형은 정확한 상품; 지도형은 수학과 고전읽기,교재 쪽수·이미지 일치 및 기존 게시 중복 확인,후보·미제작
https://msense.me/math/guides/zero-placeholder-in-products/,곱셈 결과의 0은 자리를 지키는 숫자입니다,수학,네이버 블로그·Instagram·클립,교재 한 장면→부모 예측 질문→종이 활동,교재형은 정확한 상품; 지도형은 수학과 고전읽기,교재 쪽수·이미지 일치 및 기존 게시 중복 확인,후보·미제작
https://msense.me/math/guides/align-place-values-vertical-multiplication/,곱셈 세로셈에서 자릿수를 맞추는 이유,수학,네이버 블로그·Instagram·클립,교재 한 장면→부모 예측 질문→종이 활동,교재형은 정확한 상품; 지도형은 수학과 고전읽기,교재 쪽수·이미지 일치 및 기존 게시 중복 확인,후보·미제작
https://msense.me/math/guides/two-digit-times-one-digit-partials/,두 자리 수×한 자리 수를 부분곱으로 이해하기,수학,네이버 블로그·Instagram·클립,교재 한 장면→부모 예측 질문→종이 활동,교재형은 정확한 상품; 지도형은 수학과 고전읽기,교재 쪽수·이미지 일치 및 기존 게시 중복 확인,후보·미제작
https://msense.me/math/guides/vertical-multiplication-carrying/,곱셈 세로셈의 올림은 어디에서 오나요?,수학,네이버 블로그·Instagram·클립,교재 한 장면→부모 예측 질문→종이 활동,교재형은 정확한 상품; 지도형은 수학과 고전읽기,교재 쪽수·이미지 일치 및 기존 게시 중복 확인,후보·미제작
https://msense.me/math/guides/compact-vertical-multiplication/,부분곱을 한 줄 세로셈으로 줄이는 방법,수학,네이버 블로그·Instagram·클립,교재 한 장면→부모 예측 질문→종이 활동,교재형은 정확한 상품; 지도형은 수학과 고전읽기,교재 쪽수·이미지 일치 및 기존 게시 중복 확인,후보·미제작
https://msense.me/math/guides/multi-digit-times-one-digit/,네 자리 수×한 자리 수도 같은 원리입니다,수학,네이버 블로그·Instagram·클립,교재 한 장면→부모 예측 질문→종이 활동,교재형은 정확한 상품; 지도형은 수학과 고전읽기,교재 쪽수·이미지 일치 및 기존 게시 중복 확인,후보·미제작
https://msense.me/math/guides/two-digit-times-two-digit-area-model/,두 자리 수×두 자리 수를 넓이 모델로 보기,수학,네이버 블로그·Instagram·클립,교재 한 장면→부모 예측 질문→종이 활동,교재형은 정확한 상품; 지도형은 수학과 고전읽기,교재 쪽수·이미지 일치 및 기존 게시 중복 확인,후보·미제작
https://msense.me/math/guides/four-partial-products/,두 자리 곱셈의 네 부분곱을 빠짐없이 찾기,수학,네이버 블로그·Instagram·클립,교재 한 장면→부모 예측 질문→종이 활동,교재형은 정확한 상품; 지도형은 수학과 고전읽기,교재 쪽수·이미지 일치 및 기존 게시 중복 확인,후보·미제작
https://msense.me/math/guides/partial-product-place-value/,두 자리 곱셈에서 부분곱의 자리를 맞추는 법,수학,네이버 블로그·Instagram·클립,교재 한 장면→부모 예측 질문→종이 활동,교재형은 정확한 상품; 지도형은 수학과 고전읽기,교재 쪽수·이미지 일치 및 기존 게시 중복 확인,후보·미제작
https://msense.me/math/guides/second-row-zero-vertical-multiplication/,두 자리 곱셈 둘째 줄에 0이 붙는 이유,수학,네이버 블로그·Instagram·클립,교재 한 장면→부모 예측 질문→종이 활동,교재형은 정확한 상품; 지도형은 수학과 고전읽기,교재 쪽수·이미지 일치 및 기존 게시 중복 확인,후보·미제작
https://msense.me/math/guides/division-equal-sharing/,나눗셈의 뜻: 똑같이 나누어 갖는다는 것은?,수학,네이버 블로그·Instagram·클립,교재 한 장면→부모 예측 질문→종이 활동,교재형은 정확한 상품; 지도형은 수학과 고전읽기,교재 쪽수·이미지 일치 및 기존 게시 중복 확인,후보·미제작
https://msense.me/math/guides/division-quotient-meaning/,나눗셈의 몫은 무엇을 뜻할까요?,수학,네이버 블로그·Instagram·클립,교재 한 장면→부모 예측 질문→종이 활동,교재형은 정확한 상품; 지도형은 수학과 고전읽기,교재 쪽수·이미지 일치 및 기존 게시 중복 확인,후보·미제작
https://msense.me/math/guides/division-notation-three-ways/,나눗셈을 세 가지 모양으로 표현하는 법,수학,네이버 블로그·Instagram·클립,교재 한 장면→부모 예측 질문→종이 활동,교재형은 정확한 상품; 지도형은 수학과 고전읽기,교재 쪽수·이미지 일치 및 기존 게시 중복 확인,후보·미제작
https://msense.me/math/guides/division-from-shared-result/,나누어진 결과를 보고 나눗셈식 만드는 법,수학,네이버 블로그·Instagram·클립,교재 한 장면→부모 예측 질문→종이 활동,교재형은 정확한 상품; 지도형은 수학과 고전읽기,교재 쪽수·이미지 일치 및 기존 게시 중복 확인,후보·미제작
https://msense.me/math/guides/equal-partition-meaning/,등분의 뜻: 12를 3등분하면 왜 4일까요?,수학,네이버 블로그·Instagram·클립,교재 한 장면→부모 예측 질문→종이 활동,교재형은 정확한 상품; 지도형은 수학과 고전읽기,교재 쪽수·이미지 일치 및 기존 게시 중복 확인,후보·미제작
https://msense.me/math/guides/same-quotient-different-divisions/,몫이 같아도 나눗셈의 뜻은 다를 수 있어요,수학,네이버 블로그·Instagram·클립,교재 한 장면→부모 예측 질문→종이 활동,교재형은 정확한 상품; 지도형은 수학과 고전읽기,교재 쪽수·이미지 일치 및 기존 게시 중복 확인,후보·미제작
https://msense.me/math/guides/division-equal-groups/,나눗셈을 같은 묶음으로 보는 방법,수학,네이버 블로그·Instagram·클립,교재 한 장면→부모 예측 질문→종이 활동,교재형은 정확한 상품; 지도형은 수학과 고전읽기,교재 쪽수·이미지 일치 및 기존 게시 중복 확인,후보·미제작
https://msense.me/math/guides/division-containment-meaning/,포함제로 보는 나눗셈: 12 안에는 3이 몇 번?,수학,네이버 블로그·Instagram·클립,교재 한 장면→부모 예측 질문→종이 활동,교재형은 정확한 상품; 지도형은 수학과 고전읽기,교재 쪽수·이미지 일치 및 기존 게시 중복 확인,후보·미제작
https://msense.me/math/guides/division-stacking-layers/,나눗셈을 층으로 생각하면 몫이 보입니다,수학,네이버 블로그·Instagram·클립,교재 한 장면→부모 예측 질문→종이 활동,교재형은 정확한 상품; 지도형은 수학과 고전읽기,교재 쪽수·이미지 일치 및 기존 게시 중복 확인,후보·미제작
https://msense.me/math/guides/division-complete-sets/,한 세트를 이루는 수로 나누는 생활 속 나눗셈,수학,네이버 블로그·Instagram·클립,교재 한 장면→부모 예측 질문→종이 활동,교재형은 정확한 상품; 지도형은 수학과 고전읽기,교재 쪽수·이미지 일치 및 기존 게시 중복 확인,후보·미제작
https://msense.me/math/guides/division-inverse-multiplication/,나눗셈과 곱셈은 왜 거꾸로 된 관계일까요?,수학,네이버 블로그·Instagram·클립,교재 한 장면→부모 예측 질문→종이 활동,교재형은 정확한 상품; 지도형은 수학과 고전읽기,교재 쪽수·이미지 일치 및 기존 게시 중복 확인,후보·미제작
https://msense.me/math/guides/make-division-fact-cards/,종이로 나눗셈 구구 카드를 만드는 방법,수학,네이버 블로그·Instagram·클립,교재 한 장면→부모 예측 질문→종이 활동,교재형은 정확한 상품; 지도형은 수학과 고전읽기,교재 쪽수·이미지 일치 및 기존 게시 중복 확인,후보·미제작
https://msense.me/math/guides/sort-retry-division-cards/,나눗셈 카드 공부법: 틀린 카드만 다시 보세요,수학,네이버 블로그·Instagram·클립,교재 한 장면→부모 예측 질문→종이 활동,교재형은 정확한 상품; 지도형은 수학과 고전읽기,교재 쪽수·이미지 일치 및 기존 게시 중복 확인,후보·미제작
https://msense.me/math/guides/partitive-vs-quotitive-division/,등분제와 포함제는 무엇이 다를까요?,수학,네이버 블로그·Instagram·클립,교재 한 장면→부모 예측 질문→종이 활동,교재형은 정확한 상품; 지도형은 수학과 고전읽기,교재 쪽수·이미지 일치 및 기존 게시 중복 확인,후보·미제작
https://msense.me/math/guides/classify-division-word-problems/,나눗셈 문장제에서 나누는 기준 찾는 법,수학,네이버 블로그·Instagram·클립,교재 한 장면→부모 예측 질문→종이 활동,교재형은 정확한 상품; 지도형은 수학과 고전읽기,교재 쪽수·이미지 일치 및 기존 게시 중복 확인,후보·미제작
https://msense.me/math/guides/division-with-money-place-value/,돈으로 나누며 자릿값 이해하기,수학,네이버 블로그·Instagram·클립,교재 한 장면→부모 예측 질문→종이 활동,교재형은 정확한 상품; 지도형은 수학과 고전읽기,교재 쪽수·이미지 일치 및 기존 게시 중복 확인,후보·미제작
https://msense.me/math/guides/divide-place-value-units/,8백÷4처럼 자릿값 단위로 나누는 법,수학,네이버 블로그·Instagram·클립,교재 한 장면→부모 예측 질문→종이 활동,교재형은 정확한 상품; 지도형은 수학과 고전읽기,교재 쪽수·이미지 일치 및 기존 게시 중복 확인,후보·미제작
https://msense.me/math/guides/divide-by-place-value-parts/,큰 수를 자릿값별로 나누는 방법,수학,네이버 블로그·Instagram·클립,교재 한 장면→부모 예측 질문→종이 활동,교재형은 정확한 상품; 지도형은 수학과 고전읽기,교재 쪽수·이미지 일치 및 기존 게시 중복 확인,후보·미제작
https://msense.me/math/guides/regroup-to-smaller-place-division/,큰 자릿값을 작은 자릿값으로 바꾸어 나누기,수학,네이버 블로그·Instagram·클립,교재 한 장면→부모 예측 질문→종이 활동,교재형은 정확한 상품; 지도형은 수학과 고전읽기,교재 쪽수·이미지 일치 및 기존 게시 중복 확인,후보·미제작
https://msense.me/math/guides/regroup-mixed-place-division/,1만 2천÷2처럼 자릿값을 다시 묶어 나누기,수학,네이버 블로그·Instagram·클립,교재 한 장면→부모 예측 질문→종이 활동,교재형은 정확한 상품; 지도형은 수학과 고전읽기,교재 쪽수·이미지 일치 및 기존 게시 중복 확인,후보·미제작
https://msense.me/math/guides/horizontal-to-long-division/,가로셈을 나눗셈 세로셈으로 바꾸는 법,수학,네이버 블로그·Instagram·클립,교재 한 장면→부모 예측 질문→종이 활동,교재형은 정확한 상품; 지도형은 수학과 고전읽기,교재 쪽수·이미지 일치 및 기존 게시 중복 확인,후보·미제작
https://msense.me/math/guides/division-dividend-divisor-position/,나눗셈 세로셈에서 안과 밖은 무엇일까요?,수학,네이버 블로그·Instagram·클립,교재 한 장면→부모 예측 질문→종이 활동,교재형은 정확한 상품; 지도형은 수학과 고전읽기,교재 쪽수·이미지 일치 및 기존 게시 중복 확인,후보·미제작
https://msense.me/math/guides/division-quotient-place/,세로셈에서 몫은 어느 자리에 써야 할까요?,수학,네이버 블로그·Instagram·클립,교재 한 장면→부모 예측 질문→종이 활동,교재형은 정확한 상품; 지도형은 수학과 고전읽기,교재 쪽수·이미지 일치 및 기존 게시 중복 확인,후보·미제작
https://msense.me/math/guides/align-place-values-division/,나눗셈 세로셈에서 자릿수를 맞추는 이유,수학,네이버 블로그·Instagram·클립,교재 한 장면→부모 예측 질문→종이 활동,교재형은 정확한 상품; 지도형은 수학과 고전읽기,교재 쪽수·이미지 일치 및 기존 게시 중복 확인,후보·미제작
https://msense.me/math/guides/start-long-division-highest-place/,세로셈은 왜 가장 큰 자릿수부터 나눌까요?,수학,네이버 블로그·Instagram·클립,교재 한 장면→부모 예측 질문→종이 활동,교재형은 정확한 상품; 지도형은 수학과 고전읽기,교재 쪽수·이미지 일치 및 기존 게시 중복 확인,후보·미제작
https://msense.me/math/guides/regroup-thousand-to-hundreds/,1000÷2에서 천의 자리를 나눌 수 없을 때,수학,네이버 블로그·Instagram·클립,교재 한 장면→부모 예측 질문→종이 활동,교재형은 정확한 상품; 지도형은 수학과 고전읽기,교재 쪽수·이미지 일치 및 기존 게시 중복 확인,후보·미제작
https://msense.me/math/guides/zero-placeholder-division-quotient/,나눗셈 몫의 0은 왜 꼭 써야 할까요?,수학,네이버 블로그·Instagram·클립,교재 한 장면→부모 예측 질문→종이 활동,교재형은 정확한 상품; 지도형은 수학과 고전읽기,교재 쪽수·이미지 일치 및 기존 게시 중복 확인,후보·미제작
https://msense.me/math/guides/regroup-across-places-division/,1200÷2처럼 여러 자릿값을 이어 나누기,수학,네이버 블로그·Instagram·클립,교재 한 장면→부모 예측 질문→종이 활동,교재형은 정확한 상품; 지도형은 수학과 고전읽기,교재 쪽수·이미지 일치 및 기존 게시 중복 확인,후보·미제작
https://msense.me/math/guides/remainder-meaning/,나머지의 뜻: 더 이상 똑같이 나눌 수 없는 양,수학,네이버 블로그·Instagram·클립,교재 한 장면→부모 예측 질문→종이 활동,교재형은 정확한 상품; 지도형은 수학과 고전읽기,교재 쪽수·이미지 일치 및 기존 게시 중복 확인,후보·미제작
https://msense.me/math/guides/remainder-less-than-divisor/,나머지는 왜 나누는 수보다 작아야 할까요?,수학,네이버 블로그·Instagram·클립,교재 한 장면→부모 예측 질문→종이 활동,교재형은 정확한 상품; 지도형은 수학과 고전읽기,교재 쪽수·이미지 일치 및 기존 게시 중복 확인,후보·미제작
https://msense.me/math/guides/exact-division-remainder-zero/,나머지가 0인 나눗셈과 남는 나눗셈 비교하기,수학,네이버 블로그·Instagram·클립,교재 한 장면→부모 예측 질문→종이 활동,교재형은 정확한 상품; 지도형은 수학과 고전읽기,교재 쪽수·이미지 일치 및 기존 게시 중복 확인,후보·미제작
https://msense.me/math/guides/division-check-formula/,나눗셈 검산 공식: 나누는 수×몫+나머지,수학,네이버 블로그·Instagram·클립,교재 한 장면→부모 예측 질문→종이 활동,교재형은 정확한 상품; 지도형은 수학과 고전읽기,교재 쪽수·이미지 일치 및 기존 게시 중복 확인,후보·미제작
https://msense.me/math/guides/check-division-step-by-step/,몫과 나머지를 구한 뒤 검산하는 순서,수학,네이버 블로그·Instagram·클립,교재 한 장면→부모 예측 질문→종이 활동,교재형은 정확한 상품; 지도형은 수학과 고전읽기,교재 쪽수·이미지 일치 및 기존 게시 중복 확인,후보·미제작
https://msense.me/math/guides/find-division-error-with-check/,검산으로 틀린 나눗셈 답을 찾는 법,수학,네이버 블로그·Instagram·클립,교재 한 장면→부모 예측 질문→종이 활동,교재형은 정확한 상품; 지도형은 수학과 고전읽기,교재 쪽수·이미지 일치 및 기존 게시 중복 확인,후보·미제작
https://msense.me/math/guides/long-division-four-steps/,나눗셈 세로셈의 네 단계: 나누기·곱하기·빼기·내리기,수학,네이버 블로그·Instagram·클립,교재 한 장면→부모 예측 질문→종이 활동,교재형은 정확한 상품; 지도형은 수학과 고전읽기,교재 쪽수·이미지 일치 및 기존 게시 중복 확인,후보·미제작
https://msense.me/math/guides/long-division-divide-multiply-subtract/,세로셈에서 몫을 곱하고 빼는 이유,수학,네이버 블로그·Instagram·클립,교재 한 장면→부모 예측 질문→종이 활동,교재형은 정확한 상품; 지도형은 수학과 고전읽기,교재 쪽수·이미지 일치 및 기존 게시 중복 확인,후보·미제작
https://msense.me/math/guides/one-digit-long-division-layout/,한 자리 수 나눗셈 세로셈 완성하기,수학,네이버 블로그·Instagram·클립,교재 한 장면→부모 예측 질문→종이 활동,교재형은 정확한 상품; 지도형은 수학과 고전읽기,교재 쪽수·이미지 일치 및 기존 게시 중복 확인,후보·미제작
https://msense.me/math/guides/divide-tens-first-43-by-2/,43÷2 세로셈: 십의 자리부터 나누기,수학,네이버 블로그·Instagram·클립,교재 한 장면→부모 예측 질문→종이 활동,교재형은 정확한 상품; 지도형은 수학과 고전읽기,교재 쪽수·이미지 일치 및 기존 게시 중복 확인,후보·미제작
https://msense.me/math/guides/carry-remainder-to-next-place/,윗자리 나머지를 다음 자리로 내리는 이유,수학,네이버 블로그·Instagram·클립,교재 한 장면→부모 예측 질문→종이 활동,교재형은 정확한 상품; 지도형은 수학과 고전읽기,교재 쪽수·이미지 일치 및 기존 게시 중복 확인,후보·미제작
https://msense.me/math/guides/long-division-65-by-4/,65÷4로 배우는 두 자리 수 세로셈,수학,네이버 블로그·Instagram·클립,교재 한 장면→부모 예측 질문→종이 활동,교재형은 정확한 상품; 지도형은 수학과 고전읽기,교재 쪽수·이미지 일치 및 기존 게시 중복 확인,후보·미제작
https://msense.me/math/guides/long-division-money-model-953/,953÷4를 돈과 세로셈으로 함께 보기,수학,네이버 블로그·Instagram·클립,교재 한 장면→부모 예측 질문→종이 활동,교재형은 정확한 상품; 지도형은 수학과 고전읽기,교재 쪽수·이미지 일치 및 기존 게시 중복 확인,후보·미제작
https://msense.me/math/guides/multi-digit-long-division-checkpoints/,여러 자리 세로셈에서 단계별로 확인할 것,수학,네이버 블로그·Instagram·클립,교재 한 장면→부모 예측 질문→종이 활동,교재형은 정확한 상품; 지도형은 수학과 고전읽기,교재 쪽수·이미지 일치 및 기존 게시 중복 확인,후보·미제작
https://msense.me/math/guides/start-when-first-digit-smaller/,첫 숫자가 나누는 수보다 작을 때 어디서 시작할까요?,수학,네이버 블로그·Instagram·클립,교재 한 장면→부모 예측 질문→종이 활동,교재형은 정확한 상품; 지도형은 수학과 고전읽기,교재 쪽수·이미지 일치 및 기존 게시 중복 확인,후보·미제작
https://msense.me/math/guides/choose-first-dividable-chunk/,세로셈에서 처음 나눌 부분 고르는 법,수학,네이버 블로그·Instagram·클립,교재 한 장면→부모 예측 질문→종이 활동,교재형은 정확한 상품; 지도형은 수학과 고전읽기,교재 쪽수·이미지 일치 및 기존 게시 중복 확인,후보·미제작
https://msense.me/math/guides/omit-leading-zero-in-quotient/,몫 맨 앞의 0은 왜 쓰지 않을까요?,수학,네이버 블로그·Instagram·클립,교재 한 장면→부모 예측 질문→종이 활동,교재형은 정확한 상품; 지도형은 수학과 고전읽기,교재 쪽수·이미지 일치 및 기존 게시 중복 확인,후보·미제작
https://msense.me/math/guides/zero-in-middle-of-quotient/,몫 가운데 0이 생기는 나눗셈,수학,네이버 블로그·Instagram·클립,교재 한 장면→부모 예측 질문→종이 활동,교재형은 정확한 상품; 지도형은 수학과 고전읽기,교재 쪽수·이미지 일치 및 기존 게시 중복 확인,후보·미제작
https://msense.me/math/guides/large-division-repeated-subtraction/,큰 수 나눗셈을 반복 뺄셈으로 이해하기,수학,네이버 블로그·Instagram·클립,교재 한 장면→부모 예측 질문→종이 활동,교재형은 정확한 상품; 지도형은 수학과 고전읽기,교재 쪽수·이미지 일치 및 기존 게시 중복 확인,후보·미제작
https://msense.me/math/guides/estimate-quotient-two-digit-divisor/,두 자리 수로 나눌 때 몫을 어림하는 법,수학,네이버 블로그·Instagram·클립,교재 한 장면→부모 예측 질문→종이 활동,교재형은 정확한 상품; 지도형은 수학과 고전읽기,교재 쪽수·이미지 일치 및 기존 게시 중복 확인,후보·미제작
https://msense.me/math/guides/correct-overestimated-quotient/,나눗셈 어림이 너무 크면 어떻게 고칠까요?,수학,네이버 블로그·Instagram·클립,교재 한 장면→부모 예측 질문→종이 활동,교재형은 정확한 상품; 지도형은 수학과 고전읽기,교재 쪽수·이미지 일치 및 기존 게시 중복 확인,후보·미제작
https://msense.me/math/guides/multi-digit-by-two-digit-long-division/,여러 자리 수를 두 자리 수로 나누는 세로셈,수학,네이버 블로그·Instagram·클립,교재 한 장면→부모 예측 질문→종이 활동,교재형은 정확한 상품; 지도형은 수학과 고전읽기,교재 쪽수·이미지 일치 및 기존 게시 중복 확인,후보·미제작
https://msense.me/math/guides/decimal-system-base-ten/,십진법은 왜 자리가 바뀌면 10배가 될까요?,수학,네이버 블로그·Instagram·클립,교재 한 장면→부모 예측 질문→종이 활동,교재형은 정확한 상품; 지도형은 수학과 고전읽기,교재 쪽수·이미지 일치 및 기존 게시 중복 확인,후보·미제작
https://msense.me/math/guides/right-place-one-tenth/,오른쪽 한 자리는 왜 10분의 1일까요?,수학,네이버 블로그·Instagram·클립,교재 한 장면→부모 예측 질문→종이 활동,교재형은 정확한 상품; 지도형은 수학과 고전읽기,교재 쪽수·이미지 일치 및 기존 게시 중복 확인,후보·미제작
https://msense.me/math/guides/decimal-point-meaning/,소수점은 어떤 자리를 나누는 표시일까요?,수학,네이버 블로그·Instagram·클립,교재 한 장면→부모 예측 질문→종이 활동,교재형은 정확한 상품; 지도형은 수학과 고전읽기,교재 쪽수·이미지 일치 및 기존 게시 중복 확인,후보·미제작
https://msense.me/math/guides/read-write-decimals/,소수 읽기와 쓰기: 자릿값대로 정확히 말하기,수학,네이버 블로그·Instagram·클립,교재 한 장면→부모 예측 질문→종이 활동,교재형은 정확한 상품; 지도형은 수학과 고전읽기,교재 쪽수·이미지 일치 및 기존 게시 중복 확인,후보·미제작
https://msense.me/math/guides/decimal-place-names/,소수 첫째 자리와 둘째 자리는 어떻게 찾을까요?,수학,네이버 블로그·Instagram·클립,교재 한 장면→부모 예측 질문→종이 활동,교재형은 정확한 상품; 지도형은 수학과 고전읽기,교재 쪽수·이미지 일치 및 기존 게시 중복 확인,후보·미제작
https://msense.me/math/guides/decimal-expanded-form/,소수를 자릿값의 합으로 풀어 쓰는 법,수학,네이버 블로그·Instagram·클립,교재 한 장면→부모 예측 질문→종이 활동,교재형은 정확한 상품; 지도형은 수학과 고전읽기,교재 쪽수·이미지 일치 및 기존 게시 중복 확인,후보·미제작
https://msense.me/math/guides/zero-placeholder-in-decimals/,소수에서 0은 왜 꼭 필요한 자리표시일까요?,수학,네이버 블로그·Instagram·클립,교재 한 장면→부모 예측 질문→종이 활동,교재형은 정확한 상품; 지도형은 수학과 고전읽기,교재 쪽수·이미지 일치 및 기존 게시 중복 확인,후보·미제작
https://msense.me/math/guides/tenths-meaning/,10분의 몇을 소수로 나타내는 방법,수학,네이버 블로그·Instagram·클립,교재 한 장면→부모 예측 질문→종이 활동,교재형은 정확한 상품; 지도형은 수학과 고전읽기,교재 쪽수·이미지 일치 및 기존 게시 중복 확인,후보·미제작
https://msense.me/math/guides/tenths-fraction-decimal/,분모가 10인 분수와 소수는 어떻게 바꿀까요?,수학,네이버 블로그·Instagram·클립,교재 한 장면→부모 예측 질문→종이 활동,교재형은 정확한 상품; 지도형은 수학과 고전읽기,교재 쪽수·이미지 일치 및 기존 게시 중복 확인,후보·미제작
https://msense.me/math/guides/ten-tenths-one-whole/,0.1이 10개 모이면 왜 1일까요?,수학,네이버 블로그·Instagram·클립,교재 한 장면→부모 예측 질문→종이 활동,교재형은 정확한 상품; 지도형은 수학과 고전읽기,교재 쪽수·이미지 일치 및 기존 게시 중복 확인,후보·미제작
https://msense.me/math/guides/whole-and-tenths/,1보다 큰 소수를 자연수와 0.1로 보는 법,수학,네이버 블로그·Instagram·클립,교재 한 장면→부모 예측 질문→종이 활동,교재형은 정확한 상품; 지도형은 수학과 고전읽기,교재 쪽수·이미지 일치 및 기존 게시 중복 확인,후보·미제작
https://msense.me/math/guides/hundredths-meaning/,100분의 몇을 소수로 나타내는 방법,수학,네이버 블로그·Instagram·클립,교재 한 장면→부모 예측 질문→종이 활동,교재형은 정확한 상품; 지도형은 수학과 고전읽기,교재 쪽수·이미지 일치 및 기존 게시 중복 확인,후보·미제작
https://msense.me/math/guides/ten-hundredths-one-tenth/,0.01이 10개 모이면 왜 0.1일까요?,수학,네이버 블로그·Instagram·클립,교재 한 장면→부모 예측 질문→종이 활동,교재형은 정확한 상품; 지도형은 수학과 고전읽기,교재 쪽수·이미지 일치 및 기존 게시 중복 확인,후보·미제작
https://msense.me/math/guides/mixed-decimal-as-hundredths/,1보다 큰 소수를 100분의 몇으로 바꾸는 법,수학,네이버 블로그·Instagram·클립,교재 한 장면→부모 예측 질문→종이 활동,교재형은 정확한 상품; 지도형은 수학과 고전읽기,교재 쪽수·이미지 일치 및 기존 게시 중복 확인,후보·미제작
https://msense.me/math/guides/equivalent-decimals-trailing-zeros/,0.5와 0.50은 왜 같은 수일까요?,수학,네이버 블로그·Instagram·클립,교재 한 장면→부모 예측 질문→종이 활동,교재형은 정확한 상품; 지도형은 수학과 고전읽기,교재 쪽수·이미지 일치 및 기존 게시 중복 확인,후보·미제작
https://msense.me/math/guides/decimal-number-line-tenths/,소수를 수직선에 나타내는 법,수학,네이버 블로그·Instagram·클립,교재 한 장면→부모 예측 질문→종이 활동,교재형은 정확한 상품; 지도형은 수학과 고전읽기,교재 쪽수·이미지 일치 및 기존 게시 중복 확인,후보·미제작
https://msense.me/math/guides/count-by-tenths-across-whole/,0.1씩 세다가 1을 넘는 방법,수학,네이버 블로그·Instagram·클립,교재 한 장면→부모 예측 질문→종이 활동,교재형은 정확한 상품; 지도형은 수학과 고전읽기,교재 쪽수·이미지 일치 및 기존 게시 중복 확인,후보·미제작
https://msense.me/math/guides/count-by-hundredths/,0.01씩 세는 방법과 0.1 경계 넘기,수학,네이버 블로그·Instagram·클립,교재 한 장면→부모 예측 질문→종이 활동,교재형은 정확한 상품; 지도형은 수학과 고전읽기,교재 쪽수·이미지 일치 및 기존 게시 중복 확인,후보·미제작
https://msense.me/math/guides/zoom-number-line-hundredths/,두 소수 사이를 확대해 100분의 1 찾기,수학,네이버 블로그·Instagram·클립,교재 한 장면→부모 예측 질문→종이 활동,교재형은 정확한 상품; 지도형은 수학과 고전읽기,교재 쪽수·이미지 일치 및 기존 게시 중복 확인,후보·미제작
https://msense.me/math/guides/decimals-between-decimals/,두 소수 사이에는 소수가 몇 개나 있을까요?,수학,네이버 블로그·Instagram·클립,교재 한 장면→부모 예측 질문→종이 활동,교재형은 정확한 상품; 지도형은 수학과 고전읽기,교재 쪽수·이미지 일치 및 기존 게시 중복 확인,후보·미제작
https://msense.me/math/guides/conventional-decimal-notation/,소수는 왜 0.4처럼 쓰기로 약속했을까요?,수학,네이버 블로그·Instagram·클립,교재 한 장면→부모 예측 질문→종이 활동,교재형은 정확한 상품; 지도형은 수학과 고전읽기,교재 쪽수·이미지 일치 및 기존 게시 중복 확인,후보·미제작
https://msense.me/math/guides/round-decimals-nearest/,소수 반올림은 가까운 수를 고르는 일입니다,수학,네이버 블로그·Instagram·클립,교재 한 장면→부모 예측 질문→종이 활동,교재형은 정확한 상품; 지도형은 수학과 고전읽기,교재 쪽수·이미지 일치 및 기존 게시 중복 확인,후보·미제작
https://msense.me/math/guides/round-decimal-to-whole/,소수를 자연수까지 반올림하는 방법,수학,네이버 블로그·Instagram·클립,교재 한 장면→부모 예측 질문→종이 활동,교재형은 정확한 상품; 지도형은 수학과 고전읽기,교재 쪽수·이미지 일치 및 기존 게시 중복 확인,후보·미제작
https://msense.me/math/guides/choose-rounding-place/,반올림에서 어느 자리를 봐야 할까요?,수학,네이버 블로그·Instagram·클립,교재 한 장면→부모 예측 질문→종이 활동,교재형은 정확한 상품; 지도형은 수학과 고전읽기,교재 쪽수·이미지 일치 및 기존 게시 중복 확인,후보·미제작
https://msense.me/math/guides/trailing-zero-after-rounding/,반올림 결과의 끝 0은 언제 남겨야 할까요?,수학,네이버 블로그·Instagram·클립,교재 한 장면→부모 예측 질문→종이 활동,교재형은 정확한 상품; 지도형은 수학과 고전읽기,교재 쪽수·이미지 일치 및 기존 게시 중복 확인,후보·미제작
https://msense.me/math/guides/decimal-addition-tenths/,소수 덧셈은 같은 단위끼리 더합니다,수학,네이버 블로그·Instagram·클립,교재 한 장면→부모 예측 질문→종이 활동,교재형은 정확한 상품; 지도형은 수학과 고전읽기,교재 쪽수·이미지 일치 및 기존 게시 중복 확인,후보·미제작
https://msense.me/math/guides/make-one-whole-with-decimals/,소수 덧셈에서 1을 만드는 짝 찾기,수학,네이버 블로그·Instagram·클립,교재 한 장면→부모 예측 질문→종이 활동,교재형은 정확한 상품; 지도형은 수학과 고전읽기,교재 쪽수·이미지 일치 및 기존 게시 중복 확인,후보·미제작
https://msense.me/math/guides/make-one-with-hundredths/,0.01을 묶어 0.1과 1을 만드는 덧셈,수학,네이버 블로그·Instagram·클립,교재 한 장면→부모 예측 질문→종이 활동,교재형은 정확한 상품; 지도형은 수학과 고전읽기,교재 쪽수·이미지 일치 및 기존 게시 중복 확인,후보·미제작
https://msense.me/math/guides/decimal-addition-number-line/,수직선으로 소수 덧셈 이해하기,수학,네이버 블로그·Instagram·클립,교재 한 장면→부모 예측 질문→종이 활동,교재형은 정확한 상품; 지도형은 수학과 고전읽기,교재 쪽수·이미지 일치 및 기존 게시 중복 확인,후보·미제작
https://msense.me/math/guides/align-decimal-points-addition/,소수 덧셈 세로셈에서 소수점을 맞추는 이유,수학,네이버 블로그·Instagram·클립,교재 한 장면→부모 예측 질문→종이 활동,교재형은 정확한 상품; 지도형은 수학과 고전읽기,교재 쪽수·이미지 일치 및 기존 게시 중복 확인,후보·미제작
https://msense.me/math/guides/decimal-subtraction-tenths/,소수 뺄셈은 무엇이 남는지 보는 계산입니다,수학,네이버 블로그·Instagram·클립,교재 한 장면→부모 예측 질문→종이 활동,교재형은 정확한 상품; 지도형은 수학과 고전읽기,교재 쪽수·이미지 일치 및 기존 게시 중복 확인,후보·미제작
https://msense.me/math/guides/decimal-subtraction-regrouping/,소수 뺄셈에서 받아내림하는 방법,수학,네이버 블로그·Instagram·클립,교재 한 장면→부모 예측 질문→종이 활동,교재형은 정확한 상품; 지도형은 수학과 고전읽기,교재 쪽수·이미지 일치 및 기존 게시 중복 확인,후보·미제작
https://msense.me/math/guides/decimal-divide-by-ten-point-shift/,10으로 나눌 때 소수점이 왼쪽으로 가는 이유,수학,네이버 블로그·Instagram·클립,교재 한 장면→부모 예측 질문→종이 활동,교재형은 정확한 상품; 지도형은 수학과 고전읽기,교재 쪽수·이미지 일치 및 기존 게시 중복 확인,후보·미제작
https://msense.me/math/guides/decimal-divide-powers-of-ten/,100과 1000으로 나누면 자릿값은 어떻게 바뀔까요?,수학,네이버 블로그·Instagram·클립,교재 한 장면→부모 예측 질문→종이 활동,교재형은 정확한 상품; 지도형은 수학과 고전읽기,교재 쪽수·이미지 일치 및 기존 게시 중복 확인,후보·미제작
https://msense.me/math/guides/decimal-multiply-powers-of-ten/,10·100·1000을 곱할 때 소수점 이동 이해하기,수학,네이버 블로그·Instagram·클립,교재 한 장면→부모 예측 질문→종이 활동,교재형은 정확한 상품; 지도형은 수학과 고전읽기,교재 쪽수·이미지 일치 및 기존 게시 중복 확인,후보·미제작
https://msense.me/math/guides/decimal-as-integer-units/,소수를 자연수 단위 개수로 바꾸어 계산하는 법,수학,네이버 블로그·Instagram·클립,교재 한 장면→부모 예측 질문→종이 활동,교재형은 정확한 상품; 지도형은 수학과 고전읽기,교재 쪽수·이미지 일치 및 기존 게시 중복 확인,후보·미제작
https://msense.me/math/guides/natural-times-decimal/,자연수×소수는 반복 덧셈으로 이해합니다,수학,네이버 블로그·Instagram·클립,교재 한 장면→부모 예측 질문→종이 활동,교재형은 정확한 상품; 지도형은 수학과 고전읽기,교재 쪽수·이미지 일치 및 기존 게시 중복 확인,후보·미제작
https://msense.me/math/guides/decimal-multiplication-place-count/,소수 곱셈에서 소수 자릿수를 세는 이유,수학,네이버 블로그·Instagram·클립,교재 한 장면→부모 예측 질문→종이 활동,교재형은 정확한 상품; 지도형은 수학과 고전읽기,교재 쪽수·이미지 일치 및 기존 게시 중복 확인,후보·미제작
https://msense.me/math/guides/decimal-times-decimal-area/,소수×소수를 넓이로 이해하는 방법,수학,네이버 블로그·Instagram·클립,교재 한 장면→부모 예측 질문→종이 활동,교재형은 정확한 상품; 지도형은 수학과 고전읽기,교재 쪽수·이미지 일치 및 기존 게시 중복 확인,후보·미제작
https://msense.me/math/guides/decimal-divide-natural/,소수÷자연수는 같은 양으로 나누는 계산입니다,수학,네이버 블로그·Instagram·클립,교재 한 장면→부모 예측 질문→종이 활동,교재형은 정확한 상품; 지도형은 수학과 고전읽기,교재 쪽수·이미지 일치 및 기존 게시 중복 확인,후보·미제작
https://msense.me/math/guides/decimal-division-regrouping/,소수 나눗셈에서 남은 단위를 바꾸는 법,수학,네이버 블로그·Instagram·클립,교재 한 장면→부모 예측 질문→종이 활동,교재형은 정확한 상품; 지도형은 수학과 고전읽기,교재 쪽수·이미지 일치 및 기존 게시 중복 확인,후보·미제작
https://msense.me/math/guides/zero-before-decimal-quotient/,몫이 1보다 작을 때 0을 먼저 쓰는 이유,수학,네이버 블로그·Instagram·클립,교재 한 장면→부모 예측 질문→종이 활동,교재형은 정확한 상품; 지도형은 수학과 고전읽기,교재 쪽수·이미지 일치 및 기존 게시 중복 확인,후보·미제작
https://msense.me/math/guides/annex-zero-decimal-division/,나누어떨어지지 않을 때 0을 내려 계산하는 까닭,수학,네이버 블로그·Instagram·클립,교재 한 장면→부모 예측 질문→종이 활동,교재형은 정확한 상품; 지도형은 수학과 고전읽기,교재 쪽수·이미지 일치 및 기존 게시 중복 확인,후보·미제작
https://msense.me/math/guides/natural-division-to-decimal/,자연수 나눗셈의 몫을 소수로 이어 쓰는 법,수학,네이버 블로그·Instagram·클립,교재 한 장면→부모 예측 질문→종이 활동,교재형은 정확한 상품; 지도형은 수학과 고전읽기,교재 쪽수·이미지 일치 및 기존 게시 중복 확인,후보·미제작
https://msense.me/math/guides/terminating-and-repeating-decimals/,유한소수와 순환소수는 무엇이 다를까요?,수학,네이버 블로그·Instagram·클립,교재 한 장면→부모 예측 질문→종이 활동,교재형은 정확한 상품; 지도형은 수학과 고전읽기,교재 쪽수·이미지 일치 및 기존 게시 중복 확인,후보·미제작
https://msense.me/math/guides/decimal-divide-decimal/,소수÷소수의 뜻과 계산 원리,수학,네이버 블로그·Instagram·클립,교재 한 장면→부모 예측 질문→종이 활동,교재형은 정확한 상품; 지도형은 수학과 고전읽기,교재 쪽수·이미지 일치 및 기존 게시 중복 확인,후보·미제작
https://msense.me/math/guides/make-decimal-divisor-whole/,나누는 소수를 자연수로 만드는 방법,수학,네이버 블로그·Instagram·클립,교재 한 장면→부모 예측 질문→종이 활동,교재형은 정확한 상품; 지도형은 수학과 고전읽기,교재 쪽수·이미지 일치 및 기존 게시 중복 확인,후보·미제작
https://msense.me/math/guides/decimal-to-fraction/,소수를 분수로 바꾸는 가장 기본적인 방법,수학,네이버 블로그·Instagram·클립,교재 한 장면→부모 예측 질문→종이 활동,교재형은 정확한 상품; 지도형은 수학과 고전읽기,교재 쪽수·이미지 일치 및 기존 게시 중복 확인,후보·미제작
https://msense.me/math/guides/fraction-to-terminating-decimal/,분수를 유한소수로 바꾸는 두 가지 방법,수학,네이버 블로그·Instagram·클립,교재 한 장면→부모 예측 질문→종이 활동,교재형은 정확한 상품; 지도형은 수학과 고전읽기,교재 쪽수·이미지 일치 및 기존 게시 중복 확인,후보·미제작
https://msense.me/math/guides/fraction-nonterminating-decimal/,끝나지 않는 소수를 분수와 연결해 이해하기,수학,네이버 블로그·Instagram·클립,교재 한 장면→부모 예측 질문→종이 활동,교재형은 정확한 상품; 지도형은 수학과 고전읽기,교재 쪽수·이미지 일치 및 기존 게시 중복 확인,후보·미제작
https://msense.me/math/guides/ratio-meaning/,비의 뜻: 두 양의 관계를 어떻게 나타낼까요?,수학,네이버 블로그·Instagram·클립,교재 한 장면→부모 예측 질문→종이 활동,교재형은 정확한 상품; 지도형은 수학과 고전읽기,교재 쪽수·이미지 일치 및 기존 게시 중복 확인,후보·미제작
https://msense.me/math/guides/compare-by-aligning/,두 길이를 비교할 때 끝을 맞추는 이유,수학,네이버 블로그·Instagram·클립,교재 한 장면→부모 예측 질문→종이 활동,교재형은 정확한 상품; 지도형은 수학과 고전읽기,교재 쪽수·이미지 일치 및 기존 게시 중복 확인,후보·미제작
https://msense.me/math/guides/ratio-compares-relationship/,비는 차이가 아니라 관계를 나타냅니다,수학,네이버 블로그·Instagram·클립,교재 한 장면→부모 예측 질문→종이 활동,교재형은 정확한 상품; 지도형은 수학과 고전읽기,교재 쪽수·이미지 일치 및 기존 게시 중복 확인,후보·미제작
https://msense.me/math/guides/ratio-order-matters/,a:b에서 순서가 중요한 이유,수학,네이버 블로그·Instagram·클립,교재 한 장면→부모 예측 질문→종이 활동,교재형은 정확한 상품; 지도형은 수학과 고전읽기,교재 쪽수·이미지 일치 및 기존 게시 중복 확인,후보·미제작
https://msense.me/math/guides/ratio-colon-notation/,비의 콜론 기호 : 는 무엇을 뜻할까요?,수학,네이버 블로그·Instagram·클립,교재 한 장면→부모 예측 질문→종이 활동,교재형은 정확한 상품; 지도형은 수학과 고전읽기,교재 쪽수·이미지 일치 및 기존 게시 중복 확인,후보·미제작
https://msense.me/math/guides/read-ratio-korean-english/,비를 우리말과 영어로 읽는 방법,수학,네이버 블로그·Instagram·클립,교재 한 장면→부모 예측 질문→종이 활동,교재형은 정확한 상품; 지도형은 수학과 고전읽기,교재 쪽수·이미지 일치 및 기존 게시 중복 확인,후보·미제작
https://msense.me/math/guides/ratio-from-picture/,그림에서 비를 만드는 순서,수학,네이버 블로그·Instagram·클립,교재 한 장면→부모 예측 질문→종이 활동,교재형은 정확한 상품; 지도형은 수학과 고전읽기,교재 쪽수·이미지 일치 및 기존 게시 중복 확인,후보·미제작
https://msense.me/math/guides/same-ratio-different-amounts/,개수가 달라도 같은 비가 될 수 있을까요?,수학,네이버 블로그·Instagram·클립,교재 한 장면→부모 예측 질문→종이 활동,교재형은 정확한 상품; 지도형은 수학과 고전읽기,교재 쪽수·이미지 일치 및 기존 게시 중복 확인,후보·미제작
https://msense.me/math/guides/comparison-and-reference/,비교량과 기준량은 무엇일까요?,수학,네이버 블로그·Instagram·클립,교재 한 장면→부모 예측 질문→종이 활동,교재형은 정확한 상품; 지도형은 수학과 고전읽기,교재 쪽수·이미지 일치 및 기존 게시 중복 확인,후보·미제작
https://msense.me/math/guides/find-comparison-quantity/,문장에서 비교량 찾는 법,수학,네이버 블로그·Instagram·클립,교재 한 장면→부모 예측 질문→종이 활동,교재형은 정확한 상품; 지도형은 수학과 고전읽기,교재 쪽수·이미지 일치 및 기존 게시 중복 확인,후보·미제작
https://msense.me/math/guides/find-reference-quantity/,문장에서 기준량 찾는 법,수학,네이버 블로그·Instagram·클립,교재 한 장면→부모 예측 질문→종이 활동,교재형은 정확한 상품; 지도형은 수학과 고전읽기,교재 쪽수·이미지 일치 및 기존 게시 중복 확인,후보·미제작
https://msense.me/math/guides/reverse-ratio/,비를 거꾸로 쓰면 무엇이 달라질까요?,수학,네이버 블로그·Instagram·클립,교재 한 장면→부모 예측 질문→종이 활동,교재형은 정확한 상품; 지도형은 수학과 고전읽기,교재 쪽수·이미지 일치 및 기존 게시 중복 확인,후보·미제작
https://msense.me/math/guides/ratio-phrase-of-a-to-b/,A에 대한 B의 비를 식으로 쓰는 법,수학,네이버 블로그·Instagram·클립,교재 한 장면→부모 예측 질문→종이 활동,교재형은 정확한 상품; 지도형은 수학과 고전읽기,교재 쪽수·이미지 일치 및 기존 게시 중복 확인,후보·미제작
https://msense.me/math/guides/ratio-phrase-a-and-b/,A와 B의 비에서 순서 확인하기,수학,네이버 블로그·Instagram·클립,교재 한 장면→부모 예측 질문→종이 활동,교재형은 정확한 상품; 지도형은 수학과 고전읽기,교재 쪽수·이미지 일치 및 기존 게시 중복 확인,후보·미제작
https://msense.me/math/guides/ratio-in-words/,말로 된 비를 기호로 바꾸는 법,수학,네이버 블로그·Instagram·클립,교재 한 장면→부모 예측 질문→종이 활동,교재형은 정확한 상품; 지도형은 수학과 고전읽기,교재 쪽수·이미지 일치 및 기존 게시 중복 확인,후보·미제작
https://msense.me/math/guides/ratio-as-fraction/,비를 분수로 나타내는 방법,수학,네이버 블로그·Instagram·클립,교재 한 장면→부모 예측 질문→종이 활동,교재형은 정확한 상품; 지도형은 수학과 고전읽기,교재 쪽수·이미지 일치 및 기존 게시 중복 확인,후보·미제작
https://msense.me/math/guides/part-to-part-ratio/,부분과 부분의 비 구하기,수학,네이버 블로그·Instagram·클립,교재 한 장면→부모 예측 질문→종이 활동,교재형은 정확한 상품; 지도형은 수학과 고전읽기,교재 쪽수·이미지 일치 및 기존 게시 중복 확인,후보·미제작
https://msense.me/math/guides/part-to-whole-ratio/,부분과 전체의 비 구하기,수학,네이버 블로그·Instagram·클립,교재 한 장면→부모 예측 질문→종이 활동,교재형은 정확한 상품; 지도형은 수학과 고전읽기,교재 쪽수·이미지 일치 및 기존 게시 중복 확인,후보·미제작
https://msense.me/math/guides/whole-from-part-ratio/,부분의 비로 전체 비를 찾는 법,수학,네이버 블로그·Instagram·클립,교재 한 장면→부모 예측 질문→종이 활동,교재형은 정확한 상품; 지도형은 수학과 고전읽기,교재 쪽수·이미지 일치 및 기존 게시 중복 확인,후보·미제작
https://msense.me/math/guides/name-length-unit/,기준 길이에 이름을 붙여 비를 보는 법,수학,네이버 블로그·Instagram·클립,교재 한 장면→부모 예측 질문→종이 활동,교재형은 정확한 상품; 지도형은 수학과 고전읽기,교재 쪽수·이미지 일치 및 기존 게시 중복 확인,후보·미제작
https://msense.me/math/guides/length-ratio-same-unit/,길이의 비는 같은 단위로 비교합니다,수학,네이버 블로그·Instagram·클립,교재 한 장면→부모 예측 질문→종이 활동,교재형은 정확한 상품; 지도형은 수학과 고전읽기,교재 쪽수·이미지 일치 및 기존 게시 중복 확인,후보·미제작
https://msense.me/math/guides/length-ratio-scale-up/,길이비로 실제 길이를 늘려 찾는 법,수학,네이버 블로그·Instagram·클립,교재 한 장면→부모 예측 질문→종이 활동,교재형은 정확한 상품; 지도형은 수학과 고전읽기,교재 쪽수·이미지 일치 및 기존 게시 중복 확인,후보·미제작
https://msense.me/math/guides/ratio-per-expression/,몇 명당 몇 명을 비로 간단히 쓰기,수학,네이버 블로그·Instagram·클립,교재 한 장면→부모 예측 질문→종이 활동,교재형은 정확한 상품; 지도형은 수학과 고전읽기,교재 쪽수·이미지 일치 및 기존 게시 중복 확인,후보·미제작
https://msense.me/math/guides/ratio-units-in-fraction/,비를 분수로 쓸 때 단위를 남기는 이유,수학,네이버 블로그·Instagram·클립,교재 한 장면→부모 예측 질문→종이 활동,교재형은 정확한 상품; 지도형은 수학과 고전읽기,교재 쪽수·이미지 일치 및 기존 게시 중복 확인,후보·미제작
https://msense.me/math/guides/simplify-ratio-common-factor/,비를 가장 간단한 자연수의 비로 만드는 법,수학,네이버 블로그·Instagram·클립,교재 한 장면→부모 예측 질문→종이 활동,교재형은 정확한 상품; 지도형은 수학과 고전읽기,교재 쪽수·이미지 일치 및 기존 게시 중복 확인,후보·미제작
https://msense.me/math/guides/compare-ratios-same-reference/,기준량이 같은 두 비의 크기 비교,수학,네이버 블로그·Instagram·클립,교재 한 장면→부모 예측 질문→종이 활동,교재형은 정확한 상품; 지도형은 수학과 고전읽기,교재 쪽수·이미지 일치 및 기존 게시 중복 확인,후보·미제작
https://msense.me/math/guides/compare-ratios-common-denominator/,기준량이 다른 비를 통분해 비교하기,수학,네이버 블로그·Instagram·클립,교재 한 장면→부모 예측 질문→종이 활동,교재형은 정확한 상품; 지도형은 수학과 고전읽기,교재 쪽수·이미지 일치 및 기존 게시 중복 확인,후보·미제작
https://msense.me/math/guides/compare-ratios-cross-products/,교차곱으로 두 비의 크기 비교하기,수학,네이버 블로그·Instagram·클립,교재 한 장면→부모 예측 질문→종이 활동,교재형은 정확한 상품; 지도형은 수학과 고전읽기,교재 쪽수·이미지 일치 및 기존 게시 중복 확인,후보·미제작
https://msense.me/math/guides/analogy-meaning/,유비란 무엇이며 비와 어떻게 연결될까요?,수학,네이버 블로그·Instagram·클립,교재 한 장면→부모 예측 질문→종이 활동,교재형은 정확한 상품; 지도형은 수학과 고전읽기,교재 쪽수·이미지 일치 및 기존 게시 중복 확인,후보·미제작
https://msense.me/math/guides/analogy-correspondence/,유비에서 대응 관계 찾는 법,수학,네이버 블로그·Instagram·클립,교재 한 장면→부모 예측 질문→종이 활동,교재형은 정확한 상품; 지도형은 수학과 고전읽기,교재 쪽수·이미지 일치 및 기존 게시 중복 확인,후보·미제작
https://msense.me/math/guides/proportion-meaning/,비례식의 뜻: 두 비가 같다는 것은?,수학,네이버 블로그·Instagram·클립,교재 한 장면→부모 예측 질문→종이 활동,교재형은 정확한 상품; 지도형은 수학과 고전읽기,교재 쪽수·이미지 일치 및 기존 게시 중복 확인,후보·미제작
https://msense.me/math/guides/proportion-four-terms/,비례식의 네 항과 순서 읽기,수학,네이버 블로그·Instagram·클립,교재 한 장면→부모 예측 질문→종이 활동,교재형은 정확한 상품; 지도형은 수학과 고전읽기,교재 쪽수·이미지 일치 및 기존 게시 중복 확인,후보·미제작
https://msense.me/math/guides/equivalent-ratios-multiply/,비의 두 항에 같은 수를 곱해도 같은 이유,수학,네이버 블로그·Instagram·클립,교재 한 장면→부모 예측 질문→종이 활동,교재형은 정확한 상품; 지도형은 수학과 고전읽기,교재 쪽수·이미지 일치 및 기존 게시 중복 확인,후보·미제작
https://msense.me/math/guides/equivalent-ratios-divide/,비의 두 항을 같은 수로 나누는 이유,수학,네이버 블로그·Instagram·클립,교재 한 장면→부모 예측 질문→종이 활동,교재형은 정확한 상품; 지도형은 수학과 고전읽기,교재 쪽수·이미지 일치 및 기존 게시 중복 확인,후보·미제작
https://msense.me/math/guides/fraction-ratio-to-natural/,분수의 비를 자연수의 비로 바꾸는 법,수학,네이버 블로그·Instagram·클립,교재 한 장면→부모 예측 질문→종이 활동,교재형은 정확한 상품; 지도형은 수학과 고전읽기,교재 쪽수·이미지 일치 및 기존 게시 중복 확인,후보·미제작
https://msense.me/math/guides/fraction-ratio-common-denominator/,분수 비와 통분의 관계,수학,네이버 블로그·Instagram·클립,교재 한 장면→부모 예측 질문→종이 활동,교재형은 정확한 상품; 지도형은 수학과 고전읽기,교재 쪽수·이미지 일치 및 기존 게시 중복 확인,후보·미제작
https://msense.me/math/guides/mixed-number-ratio/,대분수가 섞인 비를 자연수 비로 바꾸기,수학,네이버 블로그·Instagram·클립,교재 한 장면→부모 예측 질문→종이 활동,교재형은 정확한 상품; 지도형은 수학과 고전읽기,교재 쪽수·이미지 일치 및 기존 게시 중복 확인,후보·미제작
https://msense.me/math/guides/three-fraction-ratio/,세 분수의 비를 자연수 연비로 바꾸기,수학,네이버 블로그·Instagram·클립,교재 한 장면→부모 예측 질문→종이 활동,교재형은 정확한 상품; 지도형은 수학과 고전읽기,교재 쪽수·이미지 일치 및 기존 게시 중복 확인,후보·미제작
https://msense.me/math/guides/decimal-ratio-to-natural/,소수의 비를 자연수의 비로 바꾸는 법,수학,네이버 블로그·Instagram·클립,교재 한 장면→부모 예측 질문→종이 활동,교재형은 정확한 상품; 지도형은 수학과 고전읽기,교재 쪽수·이미지 일치 및 기존 게시 중복 확인,후보·미제작
https://msense.me/math/guides/decimal-fraction-ratio-link/,소수 비를 분수로 바꾸어 원리 확인하기,수학,네이버 블로그·Instagram·클립,교재 한 장면→부모 예측 질문→종이 활동,교재형은 정확한 상품; 지도형은 수학과 고전읽기,교재 쪽수·이미지 일치 및 기존 게시 중복 확인,후보·미제작
https://msense.me/math/guides/ratio-unit-price/,단가를 비율로 이해하는 방법,수학,네이버 블로그·Instagram·클립,교재 한 장면→부모 예측 질문→종이 활동,교재형은 정확한 상품; 지도형은 수학과 고전읽기,교재 쪽수·이미지 일치 및 기존 게시 중복 확인,후보·미제작
https://msense.me/math/guides/unit-price-compare/,단가로 어느 상품이 더 싼지 비교하기,수학,네이버 블로그·Instagram·클립,교재 한 장면→부모 예측 질문→종이 활동,교재형은 정확한 상품; 지도형은 수학과 고전읽기,교재 쪽수·이미지 일치 및 기존 게시 중복 확인,후보·미제작
https://msense.me/math/guides/length-proportion-cross-relation/,a:b=2:3이면 왜 3a=2b일까요?,수학,네이버 블로그·Instagram·클립,교재 한 장면→부모 예측 질문→종이 활동,교재형은 정확한 상품; 지도형은 수학과 고전읽기,교재 쪽수·이미지 일치 및 기존 게시 중복 확인,후보·미제작
https://msense.me/math/guides/proportion-cross-products/,비례식의 외항과 내항의 곱,수학,네이버 블로그·Instagram·클립,교재 한 장면→부모 예측 질문→종이 활동,교재형은 정확한 상품; 지도형은 수학과 고전읽기,교재 쪽수·이미지 일치 및 기존 게시 중복 확인,후보·미제작
https://msense.me/math/guides/divide-coefficient/,3b를 b로 만들 때 왜 3으로 나눌까요?,수학,네이버 블로그·Instagram·클립,교재 한 장면→부모 예측 질문→종이 활동,교재형은 정확한 상품; 지도형은 수학과 고전읽기,교재 쪽수·이미지 일치 및 기존 게시 중복 확인,후보·미제작
https://msense.me/math/guides/ratio-as-multiple/,비는 기준량의 몇 배를 말합니다,수학,네이버 블로그·Instagram·클립,교재 한 장면→부모 예측 질문→종이 활동,교재형은 정확한 상품; 지도형은 수학과 고전읽기,교재 쪽수·이미지 일치 및 기존 게시 중복 확인,후보·미제작
https://msense.me/math/guides/unknown-x-meaning/,미지수 x는 무엇을 뜻할까요?,수학,네이버 블로그·Instagram·클립,교재 한 장면→부모 예측 질문→종이 활동,교재형은 정확한 상품; 지도형은 수학과 고전읽기,교재 쪽수·이미지 일치 및 기존 게시 중복 확인,후보·미제작
https://msense.me/math/guides/solve-proportion-scale-factor/,같은 배수를 찾아 비례식의 x 구하기,수학,네이버 블로그·Instagram·클립,교재 한 장면→부모 예측 질문→종이 활동,교재형은 정확한 상품; 지도형은 수학과 고전읽기,교재 쪽수·이미지 일치 및 기존 게시 중복 확인,후보·미제작
https://msense.me/math/guides/solve-proportion-cross-multiply/,교차곱으로 비례식의 x 구하기,수학,네이버 블로그·Instagram·클립,교재 한 장면→부모 예측 질문→종이 활동,교재형은 정확한 상품; 지도형은 수학과 고전읽기,교재 쪽수·이미지 일치 및 기존 게시 중복 확인,후보·미제작
https://msense.me/math/guides/similar-figures-meaning/,닮은꼴은 크기만 다른 같은 모양입니다,수학,네이버 블로그·Instagram·클립,교재 한 장면→부모 예측 질문→종이 활동,교재형은 정확한 상품; 지도형은 수학과 고전읽기,교재 쪽수·이미지 일치 및 기존 게시 중복 확인,후보·미제작
https://msense.me/math/guides/percent-meaning/,퍼센트의 뜻: 왜 100을 기준으로 할까요?,수학,네이버 블로그·Instagram·클립,교재 한 장면→부모 예측 질문→종이 활동,교재형은 정확한 상품; 지도형은 수학과 고전읽기,교재 쪽수·이미지 일치 및 기존 게시 중복 확인,후보·미제작
https://msense.me/math/guides/percent-fraction-decimal/,퍼센트·분수·소수 서로 바꾸기,수학,네이버 블로그·Instagram·클립,교재 한 장면→부모 예측 질문→종이 활동,교재형은 정확한 상품; 지도형은 수학과 고전읽기,교재 쪽수·이미지 일치 및 기존 게시 중복 확인,후보·미제작
https://msense.me/math/guides/find-percentage-of-quantity/,어떤 양의 몇 퍼센트를 구하는 법,수학,네이버 블로그·Instagram·클립,교재 한 장면→부모 예측 질문→종이 활동,교재형은 정확한 상품; 지도형은 수학과 고전읽기,교재 쪽수·이미지 일치 및 기존 게시 중복 확인,후보·미제작
https://msense.me/math/guides/find-whole-from-percent/,부분과 퍼센트로 전체를 찾는 법,수학,네이버 블로그·Instagram·클립,교재 한 장면→부모 예측 질문→종이 활동,교재형은 정확한 상품; 지도형은 수학과 고전읽기,교재 쪽수·이미지 일치 및 기존 게시 중복 확인,후보·미제작
https://msense.me/math/guides/percent-more-than-100/,100%보다 큰 퍼센트는 무엇을 뜻할까요?,수학,네이버 블로그·Instagram·클립,교재 한 장면→부모 예측 질문→종이 활동,교재형은 정확한 상품; 지도형은 수학과 고전읽기,교재 쪽수·이미지 일치 및 기존 게시 중복 확인,후보·미제작
https://msense.me/math/guides/three-term-ratio-meaning/,연비의 뜻: 세 양의 관계를 한 번에 나타내기,수학,네이버 블로그·Instagram·클립,교재 한 장면→부모 예측 질문→종이 활동,교재형은 정확한 상품; 지도형은 수학과 고전읽기,교재 쪽수·이미지 일치 및 기존 게시 중복 확인,후보·미제작
https://msense.me/math/guides/read-three-term-ratio/,연비에서 두 대상의 비 골라 읽기,수학,네이버 블로그·Instagram·클립,교재 한 장면→부모 예측 질문→종이 활동,교재형은 정확한 상품; 지도형은 수학과 고전읽기,교재 쪽수·이미지 일치 및 기존 게시 중복 확인,후보·미제작
https://msense.me/math/guides/combine-ratios-common-middle/,두 비를 연비로 합칠 때 가운데 항 맞추기,수학,네이버 블로그·Instagram·클립,교재 한 장면→부모 예측 질문→종이 활동,교재형은 정확한 상품; 지도형은 수학과 고전읽기,교재 쪽수·이미지 일치 및 기존 게시 중복 확인,후보·미제작
https://msense.me/math/guides/least-common-middle-ratio/,공통항을 최소공배수로 맞추는 이유,수학,네이버 블로그·Instagram·클립,교재 한 장면→부모 예측 질문→종이 활동,교재형은 정확한 상품; 지도형은 수학과 고전읽기,교재 쪽수·이미지 일치 및 기존 게시 중복 확인,후보·미제작
https://msense.me/math/guides/three-term-ratio-scale-factors/,연비를 만들 때 각 비에 곱할 수 찾기,수학,네이버 블로그·Instagram·클립,교재 한 장면→부모 예측 질문→종이 활동,교재형은 정확한 상품; 지도형은 수학과 고전읽기,교재 쪽수·이미지 일치 및 기존 게시 중복 확인,후보·미제작
https://msense.me/math/guides/three-term-ratio-total-parts/,연비에서 전체 몫수 구하기,수학,네이버 블로그·Instagram·클립,교재 한 장면→부모 예측 질문→종이 활동,교재형은 정확한 상품; 지도형은 수학과 고전읽기,교재 쪽수·이미지 일치 및 기존 게시 중복 확인,후보·미제작
https://msense.me/math/guides/find-one-part-three-ratio/,연비와 전체에서 한 부분 구하기,수학,네이버 블로그·Instagram·클립,교재 한 장면→부모 예측 질문→종이 활동,교재형은 정확한 상품; 지도형은 수학과 고전읽기,교재 쪽수·이미지 일치 및 기존 게시 중복 확인,후보·미제작
https://msense.me/math/guides/three-ratio-with-fractions/,분수나 소수가 섞인 연비 간단히 하기,수학,네이버 블로그·Instagram·클립,교재 한 장면→부모 예측 질문→종이 활동,교재형은 정확한 상품; 지도형은 수학과 고전읽기,교재 쪽수·이미지 일치 및 기존 게시 중복 확인,후보·미제작
https://msense.me/math/guides/proportional-division-meaning/,비례배분의 뜻: 전체를 비에 맞게 나누기,수학,네이버 블로그·Instagram·클립,교재 한 장면→부모 예측 질문→종이 활동,교재형은 정확한 상품; 지도형은 수학과 고전읽기,교재 쪽수·이미지 일치 및 기존 게시 중복 확인,후보·미제작
https://msense.me/math/guides/proportional-division-one-share/,비례배분에서 한 몫을 먼저 구하는 이유,수학,네이버 블로그·Instagram·클립,교재 한 장면→부모 예측 질문→종이 활동,교재형은 정확한 상품; 지도형은 수학과 고전읽기,교재 쪽수·이미지 일치 및 기존 게시 중복 확인,후보·미제작
https://msense.me/math/guides/proportional-division-check/,비례배분 답을 검산하는 두 가지 방법,수학,네이버 블로그·Instagram·클립,교재 한 장면→부모 예측 질문→종이 활동,교재형은 정확한 상품; 지도형은 수학과 고전읽기,교재 쪽수·이미지 일치 및 기존 게시 중복 확인,후보·미제작
https://msense.me/math/guides/increase-rate-meaning/,증가율은 무엇을 기준으로 한 비율일까요?,수학,네이버 블로그·Instagram·클립,교재 한 장면→부모 예측 질문→종이 활동,교재형은 정확한 상품; 지도형은 수학과 고전읽기,교재 쪽수·이미지 일치 및 기존 게시 중복 확인,후보·미제작
https://msense.me/math/guides/increase-amount-vs-rate/,증가량과 증가율의 차이,수학,네이버 블로그·Instagram·클립,교재 한 장면→부모 예측 질문→종이 활동,교재형은 정확한 상품; 지도형은 수학과 고전읽기,교재 쪽수·이미지 일치 및 기존 게시 중복 확인,후보·미제작
https://msense.me/math/guides/find-new-value-after-increase/,증가율로 늘어난 뒤의 값 구하기,수학,네이버 블로그·Instagram·클립,교재 한 장면→부모 예측 질문→종이 활동,교재형은 정확한 상품; 지도형은 수학과 고전읽기,교재 쪽수·이미지 일치 및 기존 게시 중복 확인,후보·미제작
https://msense.me/math/guides/discount-rate-meaning/,할인율은 무엇을 기준으로 계산할까요?,수학,네이버 블로그·Instagram·클립,교재 한 장면→부모 예측 질문→종이 활동,교재형은 정확한 상품; 지도형은 수학과 고전읽기,교재 쪽수·이미지 일치 및 기존 게시 중복 확인,후보·미제작
https://msense.me/math/guides/discount-amount/,정가와 할인율로 할인 금액 구하기,수학,네이버 블로그·Instagram·클립,교재 한 장면→부모 예측 질문→종이 활동,교재형은 정확한 상품; 지도형은 수학과 고전읽기,교재 쪽수·이미지 일치 및 기존 게시 중복 확인,후보·미제작
https://msense.me/math/guides/sale-price/,할인 후 판매 가격 구하기,수학,네이버 블로그·Instagram·클립,교재 한 장면→부모 예측 질문→종이 활동,교재형은 정확한 상품; 지도형은 수학과 고전읽기,교재 쪽수·이미지 일치 및 기존 게시 중복 확인,후보·미제작
https://msense.me/math/guides/measurement-unit-meaning/,측정에서 단위란 무엇일까요?,수학,네이버 블로그·Instagram·클립,교재 한 장면→부모 예측 질문→종이 활동,교재형은 정확한 상품; 지도형은 수학과 고전읽기,교재 쪽수·이미지 일치 및 기존 게시 중복 확인,후보·미제작
https://msense.me/math/guides/unit-number-inverse-change/,단위가 작아지면 수가 커지는 이유,수학,네이버 블로그·Instagram·클립,교재 한 장면→부모 예측 질문→종이 활동,교재형은 정확한 상품; 지도형은 수학과 고전읽기,교재 쪽수·이미지 일치 및 기존 게시 중복 확인,후보·미제작
https://msense.me/math/guides/meter-centimeter-conversion/,m와 cm를 바꾸는 자릿값 원리,수학,네이버 블로그·Instagram·클립,교재 한 장면→부모 예측 질문→종이 활동,교재형은 정확한 상품; 지도형은 수학과 고전읽기,교재 쪽수·이미지 일치 및 기존 게시 중복 확인,후보·미제작
https://msense.me/math/guides/centimeter-millimeter/,cm와 mm 단위 변환,수학,네이버 블로그·Instagram·클립,교재 한 장면→부모 예측 질문→종이 활동,교재형은 정확한 상품; 지도형은 수학과 고전읽기,교재 쪽수·이미지 일치 및 기존 게시 중복 확인,후보·미제작
https://msense.me/math/guides/metric-prefix-meaning/,milli와 centi는 어떤 크기를 뜻할까요?,수학,네이버 블로그·Instagram·클립,교재 한 장면→부모 예측 질문→종이 활동,교재형은 정확한 상품; 지도형은 수학과 고전읽기,교재 쪽수·이미지 일치 및 기존 게시 중복 확인,후보·미제작
https://msense.me/math/guides/kilometer-meter/,km와 m 단위 변환,수학,네이버 블로그·Instagram·클립,교재 한 장면→부모 예측 질문→종이 활동,교재형은 정확한 상품; 지도형은 수학과 고전읽기,교재 쪽수·이미지 일치 및 기존 게시 중복 확인,후보·미제작
https://msense.me/math/guides/substitute-unit-symbols/,단위 기호를 의미로 대입해 읽는 법,수학,네이버 블로그·Instagram·클립,교재 한 장면→부모 예측 질문→종이 활동,교재형은 정확한 상품; 지도형은 수학과 고전읽기,교재 쪽수·이미지 일치 및 기존 게시 중복 확인,후보·미제작
https://msense.me/math/guides/mixed-length-conversion/,km·m·cm가 섞인 길이 변환,수학,네이버 블로그·Instagram·클립,교재 한 장면→부모 예측 질문→종이 활동,교재형은 정확한 상품; 지도형은 수학과 고전읽기,교재 쪽수·이미지 일치 및 기존 게시 중복 확인,후보·미제작
https://msense.me/math/guides/map-scale-meaning/,축척의 뜻: 지도 길이와 실제 길이의 비,수학,네이버 블로그·Instagram·클립,교재 한 장면→부모 예측 질문→종이 활동,교재형은 정확한 상품; 지도형은 수학과 고전읽기,교재 쪽수·이미지 일치 및 기존 게시 중복 확인,후보·미제작
https://msense.me/math/guides/find-real-distance-scale/,축척과 지도 길이로 실제 거리 구하기,수학,네이버 블로그·Instagram·클립,교재 한 장면→부모 예측 질문→종이 활동,교재형은 정확한 상품; 지도형은 수학과 고전읽기,교재 쪽수·이미지 일치 및 기존 게시 중복 확인,후보·미제작
https://msense.me/math/guides/hour-minute-second/,시간·분·초의 60진 관계,수학,네이버 블로그·Instagram·클립,교재 한 장면→부모 예측 질문→종이 활동,교재형은 정확한 상품; 지도형은 수학과 고전읽기,교재 쪽수·이미지 일치 및 기존 게시 중복 확인,후보·미제작
https://msense.me/math/guides/convert-compound-time/,복합 시간 단위를 한 단위로 바꾸기,수학,네이버 블로그·Instagram·클립,교재 한 장면→부모 예측 질문→종이 활동,교재형은 정확한 상품; 지도형은 수학과 고전읽기,교재 쪽수·이미지 일치 및 기존 게시 중복 확인,후보·미제작
https://msense.me/math/guides/ratio-vs-rate/,ratio와 rate는 어떻게 다를까요?,수학,네이버 블로그·Instagram·클립,교재 한 장면→부모 예측 질문→종이 활동,교재형은 정확한 상품; 지도형은 수학과 고전읽기,교재 쪽수·이미지 일치 및 기존 게시 중복 확인,후보·미제작
https://msense.me/math/guides/rate-units-meaning/,비율의 복합 단위 읽는 법,수학,네이버 블로그·Instagram·클립,교재 한 장면→부모 예측 질문→종이 활동,교재형은 정확한 상품; 지도형은 수학과 고전읽기,교재 쪽수·이미지 일치 및 기존 게시 중복 확인,후보·미제작
https://msense.me/math/guides/speed-meaning/,속력은 왜 거리÷시간일까요?,수학,네이버 블로그·Instagram·클립,교재 한 장면→부모 예측 질문→종이 활동,교재형은 정확한 상품; 지도형은 수학과 고전읽기,교재 쪽수·이미지 일치 및 기존 게시 중복 확인,후보·미제작
https://msense.me/math/guides/speed-distance-time-triangle/,속력·거리·시간의 관계 정리하기,수학,네이버 블로그·Instagram·클립,교재 한 장면→부모 예측 질문→종이 활동,교재형은 정확한 상품; 지도형은 수학과 고전읽기,교재 쪽수·이미지 일치 및 기존 게시 중복 확인,후보·미제작
https://msense.me/math/guides/speed-proportion-unknown/,속력 문제를 비례식으로 나타내기,수학,네이버 블로그·Instagram·클립,교재 한 장면→부모 예측 질문→종이 활동,교재형은 정확한 상품; 지도형은 수학과 고전읽기,교재 쪽수·이미지 일치 및 기존 게시 중복 확인,후보·미제작
https://msense.me/math/guides/average-speed-warning/,전체 거리와 전체 시간으로 평균속력 구하기,수학,네이버 블로그·Instagram·클립,교재 한 장면→부모 예측 질문→종이 활동,교재형은 정확한 상품; 지도형은 수학과 고전읽기,교재 쪽수·이미지 일치 및 기존 게시 중복 확인,후보·미제작
https://msense.me/math/guides/match-units-in-speed/,속력 문제에서 단위를 먼저 맞추는 이유,수학,네이버 블로그·Instagram·클립,교재 한 장면→부모 예측 질문→종이 활동,교재형은 정확한 상품; 지도형은 수학과 고전읽기,교재 쪽수·이미지 일치 및 기존 게시 중복 확인,후보·미제작
https://msense.me/math/guides/rate-not-equality/,2kg에 1만원을 2kg=1만원이라 쓰면 안 되는 이유,수학,네이버 블로그·Instagram·클립,교재 한 장면→부모 예측 질문→종이 활동,교재형은 정확한 상품; 지도형은 수학과 고전읽기,교재 쪽수·이미지 일치 및 기존 게시 중복 확인,후보·미제작
https://msense.me/math/guides/concentration-meaning/,농도는 전체 용액 중 용질의 비율입니다,수학,네이버 블로그·Instagram·클립,교재 한 장면→부모 예측 질문→종이 활동,교재형은 정확한 상품; 지도형은 수학과 고전읽기,교재 쪽수·이미지 일치 및 기존 게시 중복 확인,후보·미제작
https://msense.me/math/guides/solution-solute-solvent/,용질·용매·용액을 구별하는 법,수학,네이버 블로그·Instagram·클립,교재 한 장면→부모 예측 질문→종이 활동,교재형은 정확한 상품; 지도형은 수학과 고전읽기,교재 쪽수·이미지 일치 및 기존 게시 중복 확인,후보·미제작
https://msense.me/math/guides/calculate-concentration/,소금물 농도 계산 순서,수학,네이버 블로그·Instagram·클립,교재 한 장면→부모 예측 질문→종이 활동,교재형은 정확한 상품; 지도형은 수학과 고전읽기,교재 쪽수·이미지 일치 및 기존 게시 중복 확인,후보·미제작
https://msense.me/math/guides/unitary-method-meaning/,단위법이란 무엇인가요?,수학,네이버 블로그·Instagram·클립,교재 한 장면→부모 예측 질문→종이 활동,교재형은 정확한 상품; 지도형은 수학과 고전읽기,교재 쪽수·이미지 일치 및 기존 게시 중복 확인,후보·미제작
https://msense.me/math/guides/unitary-method-multi-step/,단위법으로 여러 단계 비례 문제 풀기,수학,네이버 블로그·Instagram·클립,교재 한 장면→부모 예측 질문→종이 활동,교재형은 정확한 상품; 지도형은 수학과 고전읽기,교재 쪽수·이미지 일치 및 기존 게시 중복 확인,후보·미제작
https://msense.me/math/guides/bar-model-sum-difference/,합과 차 문제를 선분 그림으로 푸는 법,수학,네이버 블로그·Instagram·클립,교재 한 장면→부모 예측 질문→종이 활동,교재형은 정확한 상품; 지도형은 수학과 고전읽기,교재 쪽수·이미지 일치 및 기존 게시 중복 확인,후보·미제작
https://msense.me/math/guides/bar-model-ratio-total/,비와 전체를 선분 몫으로 나타내기,수학,네이버 블로그·Instagram·클립,교재 한 장면→부모 예측 질문→종이 활동,교재형은 정확한 상품; 지도형은 수학과 고전읽기,교재 쪽수·이미지 일치 및 기존 게시 중복 확인,후보·미제작
https://msense.me/math/guides/nested-fraction-bar-model/,연속된 분수 관계를 선분 그림으로 풀기,수학,네이버 블로그·Instagram·클립,교재 한 장면→부모 예측 질문→종이 활동,교재형은 정확한 상품; 지도형은 수학과 고전읽기,교재 쪽수·이미지 일치 및 기존 게시 중복 확인,후보·미제작
https://msense.me/python/guides/first-python-age/,"초등 파이썬, 몇 학년부터 시작하면 좋을까요?",시작 준비,네이버 블로그·카카오 소식,부모 고민→실제 수업 지원→체험 안내,파이썬 과정·체험,채널 시연에 쓸 전체 실행 환경 확인; 기존 원고의 운영 조건/근거 확인,후보·미제작
https://msense.me/python/guides/scratch-to-python/,"스크래치 다음 파이썬, 무엇을 이어서 배우나요?",시작 준비,네이버 블로그·카카오 소식,부모 고민→실제 수업 지원→체험 안내,파이썬 과정·체험,채널 시연에 쓸 전체 실행 환경 확인; 기존 원고의 운영 조건/근거 확인,후보·미제작
https://msense.me/python/guides/first-turtle-drawing/,파이썬 첫 그림: 거북이로 사각형을 그려 보세요,직접 만들기,네이버 블로그·카카오 소식,부모 고민→실제 수업 지원→체험 안내,파이썬 과정·체험,채널 시연에 쓸 전체 실행 환경 확인; 기존 원고의 운영 조건/근거 확인,후보·미제작
https://msense.me/python/guides/game-and-programming/,게임 만들기에서 변수·조건문·반복문은 어디에 쓰일까요?,직접 만들기,네이버 블로그·카카오 소식,부모 고민→실제 수업 지원→체험 안내,파이썬 과정·체험,채널 시연에 쓸 전체 실행 환경 확인; 기존 원고의 운영 조건/근거 확인,후보·미제작
https://msense.me/python/guides/read-python-errors/,"파이썬 오류가 났을 때, 마지막 줄부터 읽어 보세요",막혔을 때,네이버 블로그·카카오 소식,부모 고민→실제 수업 지원→체험 안내,파이썬 과정·체험,채널 시연에 쓸 전체 실행 환경 확인; 기존 원고의 운영 조건/근거 확인,후보·미제작
https://msense.me/python/guides/ai-and-child-thinking/,"AI가 코드를 쓰는데, 아이는 파이썬에서 무엇을 배울까요?",학부모 질문,네이버 블로그·카카오 소식,부모 고민→실제 수업 지원→체험 안내,파이썬 과정·체험,채널 시연에 쓸 전체 실행 환경 확인; 기존 원고의 운영 조건/근거 확인,후보·미제작
https://msense.me/python/guides/self-paced-feedback/,"파이썬 자율 학습, 아이가 막히면 어떻게 하나요?",막혔을 때,네이버 블로그·카카오 소식,부모 고민→실제 수업 지원→체험 안내,파이썬 과정·체험,채널 시연에 쓸 전체 실행 환경 확인; 기존 원고의 운영 조건/근거 확인,후보·미제작
https://msense.me/python/guides/submit-code-and-thinking/,"파이썬 과제, 코드 파일과 생각을 함께 남기는 법",학습 기록,네이버 블로그·카카오 소식,부모 고민→실제 수업 지원→체험 안내,파이썬 과정·체험,채널 시연에 쓸 전체 실행 환경 확인; 기존 원고의 운영 조건/근거 확인,후보·미제작
https://msense.me/python/guides/parent-learning-records/,"학부모 학습 기록, 접속 시간보다 먼저 볼 것은?",학습 기록,네이버 블로그·카카오 소식,부모 고민→실제 수업 지원→체험 안내,파이썬 과정·체험,채널 시연에 쓸 전체 실행 환경 확인; 기존 원고의 운영 조건/근거 확인,후보·미제작
https://msense.me/python/guides/python-trial-checklist/,"메타센스 파이썬 7일 무료체험, 신청 전 확인할 것",시작 준비,네이버 블로그·카카오 소식,부모 고민→실제 수업 지원→체험 안내,파이썬 과정·체험,채널 시연에 쓸 전체 실행 환경 확인; 기존 원고의 운영 조건/근거 확인,후보·미제작
https://msense.me/python/guides/code-foundation-001/,처음 파이썬: 화면에 글자와 숫자 출력하기,처음 파이썬,YouTube·Instagram·블로그,실행 전 예측→한 줄 바꾸기→그림/출력 비교,파이썬 과정·체험,채널 시연에 쓸 전체 실행 환경 확인; passed-smoke,후보·미제작
https://msense.me/python/guides/code-foundation-002/,처음 파이썬: 숫자 연산과 문자열의 독특한 연산,처음 파이썬,YouTube·Instagram·블로그,실행 전 예측→한 줄 바꾸기→그림/출력 비교,파이썬 과정·체험,채널 시연에 쓸 전체 실행 환경 확인; passed-smoke,후보·미제작
https://msense.me/python/guides/code-foundation-003/,처음 파이썬: type 함수로 자료형 확인하기,처음 파이썬,YouTube·Instagram·블로그,실행 전 예측→한 줄 바꾸기→그림/출력 비교,파이썬 과정·체험,채널 시연에 쓸 전체 실행 환경 확인; passed-smoke,후보·미제작
https://msense.me/python/guides/code-foundation-004/,처음 파이썬: 아기 거북이 만들고 앞으로 이동하기,처음 파이썬,YouTube·Instagram·블로그,실행 전 예측→한 줄 바꾸기→그림/출력 비교,파이썬 과정·체험,채널 시연에 쓸 전체 실행 환경 확인; not-run,후보·미제작
https://msense.me/python/guides/code-foundation-005/,처음 파이썬: 앞으로 명령으로 뒤로 가기,처음 파이썬,YouTube·Instagram·블로그,실행 전 예측→한 줄 바꾸기→그림/출력 비교,파이썬 과정·체험,채널 시연에 쓸 전체 실행 환경 확인; not-run,후보·미제작
https://msense.me/python/guides/code-foundation-006/,처음 파이썬: back 명령으로 뒤로 이동하기,처음 파이썬,YouTube·Instagram·블로그,실행 전 예측→한 줄 바꾸기→그림/출력 비교,파이썬 과정·체험,채널 시연에 쓸 전체 실행 환경 확인; not-run,후보·미제작
https://msense.me/python/guides/code-foundation-007/,처음 파이썬: 여러 거북이 객체 만들기,처음 파이썬,YouTube·Instagram·블로그,실행 전 예측→한 줄 바꾸기→그림/출력 비교,파이썬 과정·체험,채널 시연에 쓸 전체 실행 환경 확인; not-run,후보·미제작
https://msense.me/python/guides/code-foundation-008/,처음 파이썬: 한 변을 그리고 120도 회전하기,처음 파이썬,YouTube·Instagram·블로그,실행 전 예측→한 줄 바꾸기→그림/출력 비교,파이썬 과정·체험,채널 시연에 쓸 전체 실행 환경 확인; not-run,후보·미제작
https://msense.me/python/guides/code-foundation-009/,처음 파이썬: 정삼각형 완성하기,처음 파이썬,YouTube·Instagram·블로그,실행 전 예측→한 줄 바꾸기→그림/출력 비교,파이썬 과정·체험,채널 시연에 쓸 전체 실행 환경 확인; not-run,후보·미제작
https://msense.me/python/guides/code-foundation-010/,처음 파이썬: king 거북이로 T자 완성하기,처음 파이썬,YouTube·Instagram·블로그,실행 전 예측→한 줄 바꾸기→그림/출력 비교,파이썬 과정·체험,채널 시연에 쓸 전체 실행 환경 확인; not-run,후보·미제작
https://msense.me/python/guides/code-foundation-011/,처음 파이썬: T자의 윗부분 중간으로 이동하기,처음 파이썬,YouTube·Instagram·블로그,실행 전 예측→한 줄 바꾸기→그림/출력 비교,파이썬 과정·체험,채널 시연에 쓸 전체 실행 환경 확인; not-run,후보·미제작
https://msense.me/python/guides/code-foundation-012/,처음 파이썬: T자의 세로선 그리기,처음 파이썬,YouTube·Instagram·블로그,실행 전 예측→한 줄 바꾸기→그림/출력 비교,파이썬 과정·체험,채널 시연에 쓸 전체 실행 환경 확인; not-run,후보·미제작
https://msense.me/python/guides/code-foundation-013/,처음 파이썬: T자의 세로선만 굵게 그리기,처음 파이썬,YouTube·Instagram·블로그,실행 전 예측→한 줄 바꾸기→그림/출력 비교,파이썬 과정·체험,채널 시연에 쓸 전체 실행 환경 확인; not-run,후보·미제작
https://msense.me/python/guides/code-foundation-014/,처음 파이썬: RGB 숫자로 색깔 바꾸기,처음 파이썬,YouTube·Instagram·블로그,실행 전 예측→한 줄 바꾸기→그림/출력 비교,파이썬 과정·체험,채널 시연에 쓸 전체 실행 환경 확인; not-run,후보·미제작
https://msense.me/python/guides/code-foundation-015/,처음 파이썬: 색깔 이름으로 파란색 바꾸기,처음 파이썬,YouTube·Instagram·블로그,실행 전 예측→한 줄 바꾸기→그림/출력 비교,파이썬 과정·체험,채널 시연에 쓸 전체 실행 환경 확인; not-run,후보·미제작
https://msense.me/python/guides/code-foundation-016/,처음 파이썬: 펜 들기와 좌표 이동 함께 연습하기,처음 파이썬,YouTube·Instagram·블로그,실행 전 예측→한 줄 바꾸기→그림/출력 비교,파이썬 과정·체험,채널 시연에 쓸 전체 실행 환경 확인; not-run,후보·미제작
https://msense.me/python/guides/code-foundation-017/,처음 파이썬: 펜을 들고 선 없이 이동하기,처음 파이썬,YouTube·Instagram·블로그,실행 전 예측→한 줄 바꾸기→그림/출력 비교,파이썬 과정·체험,채널 시연에 쓸 전체 실행 환경 확인; not-run,후보·미제작
https://msense.me/python/guides/code-foundation-018/,처음 파이썬: goto로 좌표 이동하기,처음 파이썬,YouTube·Instagram·블로그,실행 전 예측→한 줄 바꾸기→그림/출력 비교,파이썬 과정·체험,채널 시연에 쓸 전체 실행 환경 확인; not-run,후보·미제작
https://msense.me/python/guides/code-foundation-019/,처음 파이썬: Screen 객체로 배경색 바꾸기,처음 파이썬,YouTube·Instagram·블로그,실행 전 예측→한 줄 바꾸기→그림/출력 비교,파이썬 과정·체험,채널 시연에 쓸 전체 실행 환경 확인; not-run,후보·미제작
https://msense.me/python/guides/code-foundation-020/,"처음 파이썬: 속도, 굵기, 선 색과 채우기 색 정하기",처음 파이썬,YouTube·Instagram·블로그,실행 전 예측→한 줄 바꾸기→그림/출력 비교,파이썬 과정·체험,채널 시연에 쓸 전체 실행 환경 확인; not-run,후보·미제작
https://msense.me/python/guides/code-foundation-021/,처음 파이썬: 자료형을 type으로 확인하기,처음 파이썬,YouTube·Instagram·블로그,실행 전 예측→한 줄 바꾸기→그림/출력 비교,파이썬 과정·체험,채널 시연에 쓸 전체 실행 환경 확인; passed-smoke,후보·미제작
https://msense.me/python/guides/code-foundation-022/,처음 파이썬: range로 제곱 출력하기,처음 파이썬,YouTube·Instagram·블로그,실행 전 예측→한 줄 바꾸기→그림/출력 비교,파이썬 과정·체험,채널 시연에 쓸 전체 실행 환경 확인; passed-smoke,후보·미제작
https://msense.me/python/guides/code-foundation-023/,처음 파이썬: 알록달록 정사각형 핵심 코드,처음 파이썬,YouTube·Instagram·블로그,실행 전 예측→한 줄 바꾸기→그림/출력 비교,파이썬 과정·체험,채널 시연에 쓸 전체 실행 환경 확인; not-run,후보·미제작
https://msense.me/python/guides/code-foundation-024/,처음 파이썬: for문으로 색깔 하나씩 꺼내기,처음 파이썬,YouTube·Instagram·블로그,실행 전 예측→한 줄 바꾸기→그림/출력 비교,파이썬 과정·체험,채널 시연에 쓸 전체 실행 환경 확인; not-run,후보·미제작
https://msense.me/python/guides/code-foundation-025/,처음 파이썬: for문으로 동그란 모양 만들기,처음 파이썬,YouTube·Instagram·블로그,실행 전 예측→한 줄 바꾸기→그림/출력 비교,파이썬 과정·체험,채널 시연에 쓸 전체 실행 환경 확인; not-run,후보·미제작
https://msense.me/python/guides/code-foundation-026/,처음 파이썬: circle 함수로 큰 원 그리기,처음 파이썬,YouTube·Instagram·블로그,실행 전 예측→한 줄 바꾸기→그림/출력 비교,파이썬 과정·체험,채널 시연에 쓸 전체 실행 환경 확인; not-run,후보·미제작
https://msense.me/python/guides/code-foundation-027/,처음 파이썬: i로 점점 작아지는 원 그리기,처음 파이썬,YouTube·Instagram·블로그,실행 전 예측→한 줄 바꾸기→그림/출력 비교,파이썬 과정·체험,채널 시연에 쓸 전체 실행 환경 확인; not-run,후보·미제작
https://msense.me/python/guides/code-foundation-028/,처음 파이썬: 원 사이를 선 없이 이동하기,처음 파이썬,YouTube·Instagram·블로그,실행 전 예측→한 줄 바꾸기→그림/출력 비교,파이썬 과정·체험,채널 시연에 쓸 전체 실행 환경 확인; not-run,후보·미제작
https://msense.me/python/guides/code-foundation-029/,처음 파이썬: 이중 for문의 기본 구조 익히기,처음 파이썬,YouTube·Instagram·블로그,실행 전 예측→한 줄 바꾸기→그림/출력 비교,파이썬 과정·체험,채널 시연에 쓸 전체 실행 환경 확인; passed-smoke,후보·미제작
https://msense.me/python/guides/code-foundation-030/,처음 파이썬: 색깔별로 별 하나씩 그리기,처음 파이썬,YouTube·Instagram·블로그,실행 전 예측→한 줄 바꾸기→그림/출력 비교,파이썬 과정·체험,채널 시연에 쓸 전체 실행 환경 확인; needs-context-or-fix,후보·미제작
https://msense.me/python/guides/code-foundation-031/,처음 파이썬: 이중 for문으로 정육각형 하나씩 그리기,처음 파이썬,YouTube·Instagram·블로그,실행 전 예측→한 줄 바꾸기→그림/출력 비교,파이썬 과정·체험,채널 시연에 쓸 전체 실행 환경 확인; not-run,후보·미제작
https://msense.me/python/guides/code-foundation-032/,처음 파이썬: 육각형 꽃 핵심 패턴 완성하기,처음 파이썬,YouTube·Instagram·블로그,실행 전 예측→한 줄 바꾸기→그림/출력 비교,파이썬 과정·체험,채널 시연에 쓸 전체 실행 환경 확인; not-run,후보·미제작
https://msense.me/python/guides/code-foundation-033/,처음 파이썬: 삼중 for문으로 회전 사각형 패턴 완성하기,처음 파이썬,YouTube·Instagram·블로그,실행 전 예측→한 줄 바꾸기→그림/출력 비교,파이썬 과정·체험,채널 시연에 쓸 전체 실행 환경 확인; not-run,후보·미제작
https://msense.me/python/guides/code-foundation-034/,처음 파이썬: for문으로 정사각형 하나 그리기,처음 파이썬,YouTube·Instagram·블로그,실행 전 예측→한 줄 바꾸기→그림/출력 비교,파이썬 과정·체험,채널 시연에 쓸 전체 실행 환경 확인; not-run,후보·미제작
https://msense.me/python/guides/code-foundation-035/,처음 파이썬: 화면 크기를 변수로 설정하기,처음 파이썬,YouTube·Instagram·블로그,실행 전 예측→한 줄 바꾸기→그림/출력 비교,파이썬 과정·체험,채널 시연에 쓸 전체 실행 환경 확인; not-run,후보·미제작
https://msense.me/python/guides/code-foundation-036/,처음 파이썬: 변수로 국기 한 칸 그리기,처음 파이썬,YouTube·Instagram·블로그,실행 전 예측→한 줄 바꾸기→그림/출력 비교,파이썬 과정·체험,채널 시연에 쓸 전체 실행 환경 확인; not-run,후보·미제작
https://msense.me/python/guides/code-foundation-037/,처음 파이썬: 더하기 함수 만들고 호출하기,처음 파이썬,YouTube·Instagram·블로그,실행 전 예측→한 줄 바꾸기→그림/출력 비교,파이썬 과정·체험,채널 시연에 쓸 전체 실행 환경 확인; passed-smoke,후보·미제작
https://msense.me/python/guides/code-foundation-038/,처음 파이썬: 10배 함수 만들기,처음 파이썬,YouTube·Instagram·블로그,실행 전 예측→한 줄 바꾸기→그림/출력 비교,파이썬 과정·체험,채널 시연에 쓸 전체 실행 환경 확인; passed-smoke,후보·미제작
https://msense.me/python/guides/code-foundation-039/,처음 파이썬: input으로 이름 입력받기,처음 파이썬,YouTube·Instagram·블로그,실행 전 예측→한 줄 바꾸기→그림/출력 비교,파이썬 과정·체험,채널 시연에 쓸 전체 실행 환경 확인; not-run,후보·미제작
https://msense.me/python/guides/code-foundation-040/,처음 파이썬: 입력받은 숫자 문자열 확인하기,처음 파이썬,YouTube·Instagram·블로그,실행 전 예측→한 줄 바꾸기→그림/출력 비교,파이썬 과정·체험,채널 시연에 쓸 전체 실행 환경 확인; not-run,후보·미제작
https://msense.me/python/guides/code-foundation-041/,처음 파이썬: global 없이 다음 x 위치 돌려주기,처음 파이썬,YouTube·Instagram·블로그,실행 전 예측→한 줄 바꾸기→그림/출력 비교,파이썬 과정·체험,채널 시연에 쓸 전체 실행 환경 확인; not-run,후보·미제작
https://msense.me/python/guides/code-foundation-042/,처음 파이썬: global x를 사용하는 window 함수 만들기,처음 파이썬,YouTube·Instagram·블로그,실행 전 예측→한 줄 바꾸기→그림/출력 비교,파이썬 과정·체험,채널 시연에 쓸 전체 실행 환경 확인; not-run,후보·미제작
https://msense.me/python/guides/code-foundation-043/,처음 파이썬: 비교 연산자로 True와 False 확인하기,처음 파이썬,YouTube·Instagram·블로그,실행 전 예측→한 줄 바꾸기→그림/출력 비교,파이썬 과정·체험,채널 시연에 쓸 전체 실행 환경 확인; passed-smoke,후보·미제작
https://msense.me/python/guides/code-foundation-044/,처음 파이썬: if 조건문으로 판단하기,처음 파이썬,YouTube·Instagram·블로그,실행 전 예측→한 줄 바꾸기→그림/출력 비교,파이썬 과정·체험,채널 시연에 쓸 전체 실행 환경 확인; passed-smoke,후보·미제작
https://msense.me/python/guides/code-foundation-045/,처음 파이썬: True와 False를 돌려주는 함수 만들기,처음 파이썬,YouTube·Instagram·블로그,실행 전 예측→한 줄 바꾸기→그림/출력 비교,파이썬 과정·체험,채널 시연에 쓸 전체 실행 환경 확인; passed-smoke,후보·미제작
https://msense.me/python/guides/code-foundation-046/,처음 파이썬: 비교 결과를 바로 return하기,처음 파이썬,YouTube·Instagram·블로그,실행 전 예측→한 줄 바꾸기→그림/출력 비교,파이썬 과정·체험,채널 시연에 쓸 전체 실행 환경 확인; passed-smoke,후보·미제작
https://msense.me/python/guides/code-foundation-047/,처음 파이썬: cloud 함수로 구름 조각 그리기,처음 파이썬,YouTube·Instagram·블로그,실행 전 예측→한 줄 바꾸기→그림/출력 비교,파이썬 과정·체험,채널 시연에 쓸 전체 실행 환경 확인; not-run,후보·미제작
https://msense.me/python/guides/code-foundation-048/,처음 파이썬: cloud 함수 여러 번 호출하기,처음 파이썬,YouTube·Instagram·블로그,실행 전 예측→한 줄 바꾸기→그림/출력 비교,파이썬 과정·체험,채널 시연에 쓸 전체 실행 환경 확인; needs-context-or-fix,후보·미제작
https://msense.me/python/guides/code-foundation-049/,처음 파이썬: write 함수로 제목 쓰기,처음 파이썬,YouTube·Instagram·블로그,실행 전 예측→한 줄 바꾸기→그림/출력 비교,파이썬 과정·체험,채널 시연에 쓸 전체 실행 환경 확인; needs-context-or-fix,후보·미제작
https://msense.me/python/guides/code-foundation-050/,처음 파이썬: enumerate로 선수 거북이 만들기,처음 파이썬,YouTube·Instagram·블로그,실행 전 예측→한 줄 바꾸기→그림/출력 비교,파이썬 과정·체험,채널 시연에 쓸 전체 실행 환경 확인; not-run,후보·미제작
https://msense.me/python/guides/code-games-001/,게임 프로젝트: Pygame 시작과 종료하기,게임 프로젝트,YouTube·네이버 클립,게임 장면→입력/충돌 규칙 한 가지 시연,파이썬 과정·체험,채널 시연에 쓸 전체 실행 환경 확인; not-run,후보·미제작
https://msense.me/python/guides/code-games-002/,게임 프로젝트: 게임 창 크기와 제목 정하기,게임 프로젝트,YouTube·네이버 클립,게임 장면→입력/충돌 규칙 한 가지 시연,파이썬 과정·체험,채널 시연에 쓸 전체 실행 환경 확인; not-run,후보·미제작
https://msense.me/python/guides/code-games-003/,게임 프로젝트: RGB 색상 변수 만들기,게임 프로젝트,YouTube·네이버 클립,게임 장면→입력/충돌 규칙 한 가지 시연,파이썬 과정·체험,채널 시연에 쓸 전체 실행 환경 확인; passed-smoke,후보·미제작
https://msense.me/python/guides/code-games-004/,게임 프로젝트: 배경색 채우고 화면 업데이트하기,게임 프로젝트,YouTube·네이버 클립,게임 장면→입력/충돌 규칙 한 가지 시연,파이썬 과정·체험,채널 시연에 쓸 전체 실행 환경 확인; not-run,후보·미제작
https://msense.me/python/guides/code-games-005/,게임 프로젝트: 이미지 불러오고 자리표 만들기,게임 프로젝트,YouTube·네이버 클립,게임 장면→입력/충돌 규칙 한 가지 시연,파이썬 과정·체험,채널 시연에 쓸 전체 실행 환경 확인; not-run,후보·미제작
https://msense.me/python/guides/code-games-006/,게임 프로젝트: blit으로 이미지 붙이기,게임 프로젝트,YouTube·네이버 클립,게임 장면→입력/충돌 규칙 한 가지 시연,파이썬 과정·체험,채널 시연에 쓸 전체 실행 환경 확인; not-run,후보·미제작
https://msense.me/python/guides/code-games-007/,게임 프로젝트: 시스템 폰트 객체 만들기,게임 프로젝트,YouTube·네이버 클립,게임 장면→입력/충돌 규칙 한 가지 시연,파이썬 과정·체험,채널 시연에 쓸 전체 실행 환경 확인; not-run,후보·미제작
https://msense.me/python/guides/code-games-008/,게임 프로젝트: 텍스트를 Surface로 렌더링하기,게임 프로젝트,YouTube·네이버 클립,게임 장면→입력/충돌 규칙 한 가지 시연,파이썬 과정·체험,채널 시연에 쓸 전체 실행 환경 확인; needs-context-or-fix,후보·미제작
https://msense.me/python/guides/code-games-009/,게임 프로젝트: 효과음 파일 불러오기,게임 프로젝트,YouTube·네이버 클립,게임 장면→입력/충돌 규칙 한 가지 시연,파이썬 과정·체험,채널 시연에 쓸 전체 실행 환경 확인; not-run,후보·미제작
https://msense.me/python/guides/code-games-010/,게임 프로젝트: 효과음 재생하고 잠시 기다리기,게임 프로젝트,YouTube·네이버 클립,게임 장면→입력/충돌 규칙 한 가지 시연,파이썬 과정·체험,채널 시연에 쓸 전체 실행 환경 확인; not-run,후보·미제작
https://msense.me/python/guides/code-games-011/,게임 프로젝트: 드래곤 이동 속도 정하기,게임 프로젝트,YouTube·네이버 클립,게임 장면→입력/충돌 규칙 한 가지 시연,파이썬 과정·체험,채널 시연에 쓸 전체 실행 환경 확인; passed-smoke,후보·미제작
https://msense.me/python/guides/code-games-012/,게임 프로젝트: 드래곤 이미지와 시작 위치 준비하기,게임 프로젝트,YouTube·네이버 클립,게임 장면→입력/충돌 규칙 한 가지 시연,파이썬 과정·체험,채널 시연에 쓸 전체 실행 환경 확인; not-run,후보·미제작
https://msense.me/python/guides/code-games-013/,게임 프로젝트: 드래곤의 처음 위치 정하기,게임 프로젝트,YouTube·네이버 클립,게임 장면→입력/충돌 규칙 한 가지 시연,파이썬 과정·체험,채널 시연에 쓸 전체 실행 환경 확인; not-run,후보·미제작
https://msense.me/python/guides/code-games-014/,게임 프로젝트: 마우스 이벤트 정보 출력하기,게임 프로젝트,YouTube·네이버 클립,게임 장면→입력/충돌 규칙 한 가지 시연,파이썬 과정·체험,채널 시연에 쓸 전체 실행 환경 확인; not-run,후보·미제작
https://msense.me/python/guides/code-games-015/,게임 프로젝트: FPS와 Clock 준비하기,게임 프로젝트,YouTube·네이버 클립,게임 장면→입력/충돌 규칙 한 가지 시연,파이썬 과정·체험,채널 시연에 쓸 전체 실행 환경 확인; not-run,후보·미제작
https://msense.me/python/guides/code-games-016/,게임 프로젝트: 부드러운 이동 속도 정하기,게임 프로젝트,YouTube·네이버 클립,게임 장면→입력/충돌 규칙 한 가지 시연,파이썬 과정·체험,채널 시연에 쓸 전체 실행 환경 확인; passed-smoke,후보·미제작
https://msense.me/python/guides/code-games-017/,게임 프로젝트: 동전 이미지와 위치 준비하기,게임 프로젝트,YouTube·네이버 클립,게임 장면→입력/충돌 규칙 한 가지 시연,파이썬 과정·체험,채널 시연에 쓸 전체 실행 환경 확인; not-run,후보·미제작
https://msense.me/python/guides/code-games-018/,게임 프로젝트: 화면 밖으로 나가지 않게 움직이기,게임 프로젝트,YouTube·네이버 클립,게임 장면→입력/충돌 규칙 한 가지 시연,파이썬 과정·체험,채널 시연에 쓸 전체 실행 환경 확인; not-run,후보·미제작
https://msense.me/python/guides/code-games-019/,게임 프로젝트: 게임 규칙과 상태 변수 준비하기,게임 프로젝트,YouTube·네이버 클립,게임 장면→입력/충돌 규칙 한 가지 시연,파이썬 과정·체험,채널 시연에 쓸 전체 실행 환경 확인; passed-smoke,후보·미제작
https://msense.me/python/guides/code-games-020/,게임 프로젝트: 점수와 목숨 텍스트 준비하기,게임 프로젝트,YouTube·네이버 클립,게임 장면→입력/충돌 규칙 한 가지 시연,파이썬 과정·체험,채널 시연에 쓸 전체 실행 환경 확인; needs-context-or-fix,후보·미제작
https://msense.me/python/guides/code-games-021/,게임 프로젝트: Dog 클래스에 행동 메소드 추가하기,게임 프로젝트,YouTube·네이버 클립,게임 장면→입력/충돌 규칙 한 가지 시연,파이썬 과정·체험,채널 시연에 쓸 전체 실행 환경 확인; not-run,후보·미제작
https://msense.me/python/guides/code-games-022/,게임 프로젝트: Dog 객체 만들고 메소드 호출하기,게임 프로젝트,YouTube·네이버 클립,게임 장면→입력/충돌 규칙 한 가지 시연,파이썬 과정·체험,채널 시연에 쓸 전체 실행 환경 확인; needs-context-or-fix,후보·미제작
https://msense.me/python/guides/code-games-023/,게임 프로젝트: Monster 스프라이트 클래스 시작하기,게임 프로젝트,YouTube·네이버 클립,게임 장면→입력/충돌 규칙 한 가지 시연,파이썬 과정·체험,채널 시연에 쓸 전체 실행 환경 확인; not-run,후보·미제작
https://msense.me/python/guides/code-games-024/,게임 프로젝트: 몬스터마다 다른 속도와 방향 주기,게임 프로젝트,YouTube·네이버 클립,게임 장면→입력/충돌 규칙 한 가지 시연,파이썬 과정·체험,채널 시연에 쓸 전체 실행 환경 확인; not-run,후보·미제작
https://msense.me/python/guides/code-games-025/,게임 프로젝트: 클래스 중심의 전체 골자 잡기,게임 프로젝트,YouTube·네이버 클립,게임 장면→입력/충돌 규칙 한 가지 시연,파이썬 과정·체험,채널 시연에 쓸 전체 실행 환경 확인; not-run,후보·미제작
https://msense.me/python/guides/code-games-026/,게임 프로젝트: Game 클래스 안의 메소드 구조 만들기,게임 프로젝트,YouTube·네이버 클립,게임 장면→입력/충돌 규칙 한 가지 시연,파이썬 과정·체험,채널 시연에 쓸 전체 실행 환경 확인; not-run,후보·미제작
https://msense.me/python/guides/code-games-027/,게임 프로젝트: Game 지휘관이 추가된 전체 구조 잡기,게임 프로젝트,YouTube·네이버 클립,게임 장면→입력/충돌 규칙 한 가지 시연,파이썬 과정·체험,채널 시연에 쓸 전체 실행 환경 확인; not-run,후보·미제작
https://msense.me/python/guides/code-games-028/,게임 프로젝트: 세 클래스의 메소드 구조 익히기,게임 프로젝트,YouTube·네이버 클립,게임 장면→입력/충돌 규칙 한 가지 시연,파이썬 과정·체험,채널 시연에 쓸 전체 실행 환경 확인; not-run,후보·미제작
https://msense.me/python/guides/code-games-029/,게임 프로젝트: pause_game 함수 전체 골자 익히기,게임 프로젝트,YouTube·네이버 클립,게임 장면→입력/충돌 규칙 한 가지 시연,파이썬 과정·체험,채널 시연에 쓸 전체 실행 환경 확인; not-run,후보·미제작
https://msense.me/python/guides/code-games-030/,게임 프로젝트: pause 화면 텍스트 만들기,게임 프로젝트,YouTube·네이버 클립,게임 장면→입력/충돌 규칙 한 가지 시연,파이썬 과정·체험,채널 시연에 쓸 전체 실행 환경 확인; not-run,후보·미제작
https://msense.me/python/guides/code-games-031/,게임 프로젝트: 전체 구조와 필수 이름 익히기,게임 프로젝트,YouTube·네이버 클립,게임 장면→입력/충돌 규칙 한 가지 시연,파이썬 과정·체험,채널 시연에 쓸 전체 실행 환경 확인; not-run,후보·미제작
https://msense.me/python/guides/code-games-032/,게임 프로젝트: Player 클래스 전체 따라쓰기,게임 프로젝트,YouTube·네이버 클립,게임 장면→입력/충돌 규칙 한 가지 시연,파이썬 과정·체험,채널 시연에 쓸 전체 실행 환경 확인; not-run,후보·미제작
https://msense.me/python/guides/code-games-033/,게임 프로젝트: Pygame 라이브러리 가져오기와 초기화,게임 프로젝트,YouTube·네이버 클립,게임 장면→입력/충돌 규칙 한 가지 시연,파이썬 과정·체험,채널 시연에 쓸 전체 실행 환경 확인; not-run,후보·미제작
https://msense.me/python/guides/code-games-034/,게임 프로젝트: 수업 준비 문구와 버전 출력,게임 프로젝트,YouTube·네이버 클립,게임 장면→입력/충돌 규칙 한 가지 시연,파이썬 과정·체험,채널 시연에 쓸 전체 실행 환경 확인; not-run,후보·미제작
https://msense.me/python/guides/code-games-035/,게임 프로젝트: 화면 크기와 프레임 시계 준비,게임 프로젝트,YouTube·네이버 클립,게임 장면→입력/충돌 규칙 한 가지 시연,파이썬 과정·체험,채널 시연에 쓸 전체 실행 환경 확인; not-run,후보·미제작
https://msense.me/python/guides/code-games-036/,게임 프로젝트: 메인 게임 루프와 창 닫기 이벤트,게임 프로젝트,YouTube·네이버 클립,게임 장면→입력/충돌 규칙 한 가지 시연,파이썬 과정·체험,채널 시연에 쓸 전체 실행 환경 확인; not-run,후보·미제작
https://msense.me/python/guides/code-games-037/,게임 프로젝트: 탐사선 생성자의 그림과 위치 준비,게임 프로젝트,YouTube·네이버 클립,게임 장면→입력/충돌 규칙 한 가지 시연,파이썬 과정·체험,채널 시연에 쓸 전체 실행 환경 확인; not-run,후보·미제작
https://msense.me/python/guides/code-games-038/,게임 프로젝트: 이동 후 양쪽 경계 보정,게임 프로젝트,YouTube·네이버 클립,게임 장면→입력/충돌 규칙 한 가지 시연,파이썬 과정·체험,채널 시연에 쓸 전체 실행 환경 확인; not-run,후보·미제작
https://msense.me/python/guides/code-games-039/,게임 프로젝트: 아군 탄환의 그림·좌표·그룹 준비,게임 프로젝트,YouTube·네이버 클립,게임 장면→입력/충돌 규칙 한 가지 시연,파이썬 과정·체험,채널 시연에 쓸 전체 실행 환경 확인; not-run,후보·미제작
https://msense.me/python/guides/code-games-040/,게임 프로젝트: ScoutPulse 상향 이동과 화면 밖 소멸,게임 프로젝트,YouTube·네이버 클립,게임 장면→입력/충돌 규칙 한 가지 시연,파이썬 과정·체험,채널 시연에 쓸 전체 실행 환경 확인; not-run,후보·미제작
https://msense.me/python/guides/code-games-041/,게임 프로젝트: 공유 그림과 적별 시작 위치,게임 프로젝트,YouTube·네이버 클립,게임 장면→입력/충돌 규칙 한 가지 시연,파이썬 과정·체험,채널 시연에 쓸 전체 실행 환경 확인; not-run,후보·미제작
https://msense.me/python/guides/code-games-042/,게임 프로젝트: Raider 순찰 이동과 무작위 발사 조건,게임 프로젝트,YouTube·네이버 클립,게임 장면→입력/충돌 규칙 한 가지 시연,파이썬 과정·체험,채널 시연에 쓸 전체 실행 환경 확인; not-run,후보·미제작
https://msense.me/python/guides/code-games-043/,게임 프로젝트: 임시 열 기 편대 생성,게임 프로젝트,YouTube·네이버 클립,게임 장면→입력/충돌 규칙 한 가지 시연,파이썬 과정·체험,채널 시연에 쓸 전체 실행 환경 확인; needs-context-or-fix,후보·미제작
https://msense.me/python/guides/code-games-044/,게임 프로젝트: RaiderPulse 표면 생성과 하강,게임 프로젝트,YouTube·네이버 클립,게임 장면→입력/충돌 규칙 한 가지 시연,파이썬 과정·체험,채널 시연에 쓸 전체 실행 환경 확인; not-run,후보·미제작
https://msense.me/python/guides/code-games-045/,게임 프로젝트: Mission의 값과 객체 참조 준비,게임 프로젝트,YouTube·네이버 클립,게임 장면→입력/충돌 규칙 한 가지 시연,파이썬 과정·체험,채널 시연에 쓸 전체 실행 환경 확인; not-run,후보·미제작
https://msense.me/python/guides/code-games-046/,게임 프로젝트: 한글 점수를 Surface로 만들어 표시,게임 프로젝트,YouTube·네이버 클립,게임 장면→입력/충돌 규칙 한 가지 시연,파이썬 과정·체험,채널 시연에 쓸 전체 실행 환경 확인; not-run,후보·미제작
https://msense.me/python/guides/code-games-047/,게임 프로젝트: 편대 벽면 도달 감지 1단계 검사,게임 프로젝트,YouTube·네이버 클립,게임 장면→입력/충돌 규칙 한 가지 시연,파이썬 과정·체험,채널 시연에 쓸 전체 실행 환경 확인; not-run,후보·미제작
https://msense.me/python/guides/code-games-048/,게임 프로젝트: 편대 하강 및 방향 반전 2단계 실행,게임 프로젝트,YouTube·네이버 클립,게임 장면→입력/충돌 규칙 한 가지 시연,파이썬 과정·체험,채널 시연에 쓸 전체 실행 환경 확인; not-run,후보·미제작
https://msense.me/python/guides/code-games-049/,게임 프로젝트: Mission.pause_game 상태 전환,게임 프로젝트,YouTube·네이버 클립,게임 장면→입력/충돌 규칙 한 가지 시연,파이썬 과정·체험,채널 시연에 쓸 전체 실행 환경 확인; not-run,후보·미제작
https://msense.me/python/guides/code-games-050/,게임 프로젝트: 반투명 대기 화면 덮기,게임 프로젝트,YouTube·네이버 클립,게임 장면→입력/충돌 규칙 한 가지 시연,파이썬 과정·체험,채널 시연에 쓸 전체 실행 환경 확인; not-run,후보·미제작
https://msense.me/python/guides/code-games-051/,게임 프로젝트: 게임오버 문구 유지,게임 프로젝트,YouTube·네이버 클립,게임 장면→입력/충돌 규칙 한 가지 시연,파이썬 과정·체험,채널 시연에 쓸 전체 실행 환경 확인; not-run,후보·미제작
https://msense.me/python/guides/code-games-052/,게임 프로젝트: 격추된 적 수만큼 점수 계산,게임 프로젝트,YouTube·네이버 클립,게임 장면→입력/충돌 규칙 한 가지 시연,파이썬 과정·체험,채널 시연에 쓸 전체 실행 환경 확인; not-run,후보·미제작
https://msense.me/python/guides/code-games-053/,게임 프로젝트: 독립된 행과 발판 숫자 배치,게임 프로젝트,YouTube·네이버 클립,게임 장면→입력/충돌 규칙 한 가지 시연,파이썬 과정·체험,채널 시연에 쓸 전체 실행 환경 확인; passed-smoke,후보·미제작
https://msense.me/python/guides/code-games-054/,게임 프로젝트: 메인 반복문 읽기,게임 프로젝트,YouTube·네이버 클립,게임 장면→입력/충돌 규칙 한 가지 시연,파이썬 과정·체험,채널 시연에 쓸 전체 실행 환경 확인; not-run,후보·미제작
https://msense.me/python/guides/code-games-055/,게임 프로젝트: Terrain.__init__ 메서드 읽기,게임 프로젝트,YouTube·네이버 클립,게임 장면→입력/충돌 규칙 한 가지 시연,파이썬 과정·체험,채널 시연에 쓸 전체 실행 환경 확인; not-run,후보·미제작
https://msense.me/python/guides/code-games-056/,게임 프로젝트: 캐시에 있는 그림 다시 사용하기,게임 프로젝트,YouTube·네이버 클립,게임 장면→입력/충돌 규칙 한 가지 시연,파이썬 과정·체험,채널 시연에 쓸 전체 실행 환경 확인; not-run,후보·미제작
https://msense.me/python/guides/code-games-057/,게임 프로젝트: Explorer.__init__ 메서드 읽기,게임 프로젝트,YouTube·네이버 클립,게임 장면→입력/충돌 규칙 한 가지 시연,파이썬 과정·체험,채널 시연에 쓸 전체 실행 환경 확인; not-run,후보·미제작
https://msense.me/python/guides/code-games-058/,게임 프로젝트: 지도 숫자에서 탐사원 생성 연결,게임 프로젝트,YouTube·네이버 클립,게임 장면→입력/충돌 규칙 한 가지 시연,파이썬 과정·체험,채널 시연에 쓸 전체 실행 환경 확인; needs-context-or-fix,후보·미제작
https://msense.me/python/guides/code-games-059/,게임 프로젝트: Explorer.update 메서드 읽기,게임 프로젝트,YouTube·네이버 클립,게임 장면→입력/충돌 규칙 한 가지 시연,파이썬 과정·체험,채널 시연에 쓸 전체 실행 환경 확인; not-run,후보·미제작
https://msense.me/python/guides/code-games-060/,게임 프로젝트: Explorer.__init__ 메서드 읽기 — 가속도와 마찰로 움직이기,게임 프로젝트,YouTube·네이버 클립,게임 장면→입력/충돌 규칙 한 가지 시연,파이썬 과정·체험,채널 시연에 쓸 전체 실행 환경 확인; not-run,후보·미제작
https://msense.me/python/guides/code-games-061/,게임 프로젝트: Explorer.update 메서드 읽기 — 중력과 발판 착지,게임 프로젝트,YouTube·네이버 클립,게임 장면→입력/충돌 규칙 한 가지 시연,파이썬 과정·체험,채널 시연에 쓸 전체 실행 환경 확인; not-run,후보·미제작
https://msense.me/python/guides/code-games-062/,게임 프로젝트: 낙하 경로로 발판 착지 판정,게임 프로젝트,YouTube·네이버 클립,게임 장면→입력/충돌 규칙 한 가지 시연,파이썬 과정·체험,채널 시연에 쓸 전체 실행 환경 확인; not-run,후보·미제작
https://msense.me/python/guides/code-games-063/,게임 프로젝트: Explorer.jump 메서드 읽기,게임 프로젝트,YouTube·네이버 클립,게임 장면→입력/충돌 규칙 한 가지 시연,파이썬 과정·체험,채널 시연에 쓸 전체 실행 환경 확인; not-run,후보·미제작
https://msense.me/python/guides/code-games-064/,게임 프로젝트: Explorer.check_collisions 메서드 읽기,게임 프로젝트,YouTube·네이버 클립,게임 장면→입력/충돌 규칙 한 가지 시연,파이썬 과정·체험,채널 시연에 쓸 전체 실행 환경 확인; not-run,후보·미제작
https://msense.me/python/guides/code-games-065/,게임 프로젝트: Explorer.animate 메서드 읽기,게임 프로젝트,YouTube·네이버 클립,게임 장면→입력/충돌 규칙 한 가지 시연,파이썬 과정·체험,채널 시연에 쓸 전체 실행 환경 확인; not-run,후보·미제작
https://msense.me/python/guides/code-games-066/,게임 프로젝트: Explorer.update 메서드 읽기 — 탐사원 애니메이션,게임 프로젝트,YouTube·네이버 클립,게임 장면→입력/충돌 규칙 한 가지 시연,파이썬 과정·체험,채널 시연에 쓸 전체 실행 환경 확인; not-run,후보·미제작
https://msense.me/python/guides/code-games-067/,게임 프로젝트: Explorer.check_collisions 메서드 읽기 — 투명한 부분과 충돌 마스크,게임 프로젝트,YouTube·네이버 클립,게임 장면→입력/충돌 규칙 한 가지 시연,파이썬 과정·체험,채널 시연에 쓸 전체 실행 환경 확인; not-run,후보·미제작
https://msense.me/python/guides/code-games-068/,게임 프로젝트: 메인 반복문 읽기 — 투명한 부분과 충돌 마스크,게임 프로젝트,YouTube·네이버 클립,게임 장면→입력/충돌 규칙 한 가지 시연,파이썬 과정·체험,채널 시연에 쓸 전체 실행 환경 확인; not-run,후보·미제작
https://msense.me/python/guides/code-games-069/,게임 프로젝트: Explorer.animate 메서드 읽기 — 신호 복구 작전 미리 보기,게임 프로젝트,YouTube·네이버 클립,게임 장면→입력/충돌 규칙 한 가지 시연,파이썬 과정·체험,채널 시연에 쓸 전체 실행 환경 확인; not-run,후보·미제작
https://msense.me/python/guides/code-games-070/,게임 프로젝트: 파일 위쪽 준비 구간 읽기,게임 프로젝트,YouTube·네이버 클립,게임 장면→입력/충돌 규칙 한 가지 시연,파이썬 과정·체험,채널 시연에 쓸 전체 실행 환경 확인; not-run,후보·미제작
https://msense.me/python/guides/code-games-071/,게임 프로젝트: 메인 반복문 읽기 — 본 게임의 에셋과 프로젝트 준비,게임 프로젝트,YouTube·네이버 클립,게임 장면→입력/충돌 규칙 한 가지 시연,파이썬 과정·체험,채널 시연에 쓸 전체 실행 환경 확인; not-run,후보·미제작
https://msense.me/python/guides/code-games-072/,게임 프로젝트: load_image 읽기,게임 프로젝트,YouTube·네이버 클립,게임 장면→입력/충돌 규칙 한 가지 시연,파이썬 과정·체험,채널 시연에 쓸 전체 실행 환경 확인; not-run,후보·미제작
https://msense.me/python/guides/code-games-073/,게임 프로젝트: 메인 반복문 읽기 — 게임 화면과 첫 설계도,게임 프로젝트,YouTube·네이버 클립,게임 장면→입력/충돌 규칙 한 가지 시연,파이썬 과정·체험,채널 시연에 쓸 전체 실행 환경 확인; not-run,후보·미제작
https://msense.me/python/guides/code-games-074/,게임 프로젝트: Pulse 클래스의 설계도 읽기,게임 프로젝트,YouTube·네이버 클립,게임 장면→입력/충돌 규칙 한 가지 시연,파이썬 과정·체험,채널 시연에 쓸 전체 실행 환경 확인; needs-context-or-fix,후보·미제작
https://msense.me/python/guides/code-games-075/,게임 프로젝트: Gate 클래스의 설계도 읽기,게임 프로젝트,YouTube·네이버 클립,게임 장면→입력/충돌 규칙 한 가지 시연,파이썬 과정·체험,채널 시연에 쓸 전체 실행 환경 확인; passed-smoke,후보·미제작
https://msense.me/python/guides/code-games-076/,게임 프로젝트: 지도와 객체 준비 구간 읽기,게임 프로젝트,YouTube·네이버 클립,게임 장면→입력/충돌 규칙 한 가지 시연,파이썬 과정·체험,채널 시연에 쓸 전체 실행 환경 확인; passed-smoke,후보·미제작
https://msense.me/python/guides/code-games-077/,게임 프로젝트: 그리기·충돌·객체별 그룹 나누기,게임 프로젝트,YouTube·네이버 클립,게임 장면→입력/충돌 규칙 한 가지 시연,파이썬 과정·체험,채널 시연에 쓸 전체 실행 환경 확인; not-run,후보·미제작
https://msense.me/python/guides/code-games-078/,게임 프로젝트: Terrain.__init__ 메서드 읽기 — 지도를 읽어 타일 생성하기,게임 프로젝트,YouTube·네이버 클립,게임 장면→입력/충돌 규칙 한 가지 시연,파이썬 과정·체험,채널 시연에 쓸 전체 실행 환경 확인; not-run,후보·미제작
https://msense.me/python/guides/code-games-079/,게임 프로젝트: 숫자 타일의 생성 분기,게임 프로젝트,YouTube·네이버 클립,게임 장면→입력/충돌 규칙 한 가지 시연,파이썬 과정·체험,채널 시연에 쓸 전체 실행 환경 확인; needs-context-or-fix,후보·미제작
https://msense.me/python/guides/code-games-080/,게임 프로젝트: SignalSource.__init__ 메서드 읽기,게임 프로젝트,YouTube·네이버 클립,게임 장면→입력/충돌 규칙 한 가지 시연,파이썬 과정·체험,채널 시연에 쓸 전체 실행 환경 확인; not-run,후보·미제작
https://msense.me/python/guides/code-games-081/,게임 프로젝트: SignalSource.animate 메서드 읽기,게임 프로젝트,YouTube·네이버 클립,게임 장면→입력/충돌 규칙 한 가지 시연,파이썬 과정·체험,채널 시연에 쓸 전체 실행 환경 확인; not-run,후보·미제작
https://msense.me/python/guides/code-games-082/,게임 프로젝트: Gate.__init__ 메서드 읽기,게임 프로젝트,YouTube·네이버 클립,게임 장면→입력/충돌 규칙 한 가지 시연,파이썬 과정·체험,채널 시연에 쓸 전체 실행 환경 확인; not-run,후보·미제작
https://msense.me/python/guides/code-games-083/,게임 프로젝트: Expedition.update 메서드 읽기,게임 프로젝트,YouTube·네이버 클립,게임 장면→입력/충돌 규칙 한 가지 시연,파이썬 과정·체험,채널 시연에 쓸 전체 실행 환경 확인; not-run,후보·미제작
https://msense.me/python/guides/code-games-084/,게임 프로젝트: Expedition.draw 메서드 읽기,게임 프로젝트,YouTube·네이버 클립,게임 장면→입력/충돌 규칙 한 가지 시연,파이썬 과정·체험,채널 시연에 쓸 전체 실행 환경 확인; not-run,후보·미제작
https://msense.me/python/guides/code-games-085/,게임 프로젝트: Explorer.__init__ 메서드 읽기 — 탐사원 생성자 완성,게임 프로젝트,YouTube·네이버 클립,게임 장면→입력/충돌 규칙 한 가지 시연,파이썬 과정·체험,채널 시연에 쓸 전체 실행 환경 확인; not-run,후보·미제작
https://msense.me/python/guides/code-games-086/,게임 프로젝트: Explorer.__init__ 메서드 읽기 — 탐사원 생성자 완성 (86),게임 프로젝트,YouTube·네이버 클립,게임 장면→입력/충돌 규칙 한 가지 시연,파이썬 과정·체험,채널 시연에 쓸 전체 실행 환경 확인; not-run,후보·미제작
https://msense.me/python/guides/code-games-087/,게임 프로젝트: Explorer.move 메서드 읽기,게임 프로젝트,YouTube·네이버 클립,게임 장면→입력/충돌 규칙 한 가지 시연,파이썬 과정·체험,채널 시연에 쓸 전체 실행 환경 확인; not-run,후보·미제작
https://msense.me/python/guides/code-games-088/,게임 프로젝트: Explorer.update 메서드 읽기 — 탐사원 등장과 가속도 이동,게임 프로젝트,YouTube·네이버 클립,게임 장면→입력/충돌 규칙 한 가지 시연,파이썬 과정·체험,채널 시연에 쓸 전체 실행 환경 확인; not-run,후보·미제작
https://msense.me/python/guides/code-games-089/,"게임 프로젝트: Explorer.jump 메서드 읽기 — 바닥과 천장, 점프와 게이트",게임 프로젝트,YouTube·네이버 클립,게임 장면→입력/충돌 규칙 한 가지 시연,파이썬 과정·체험,채널 시연에 쓸 전체 실행 환경 확인; not-run,후보·미제작
https://msense.me/python/guides/code-games-090/,게임 프로젝트: Pulse.update 메서드 읽기,게임 프로젝트,YouTube·네이버 클립,게임 장면→입력/충돌 규칙 한 가지 시연,파이썬 과정·체험,채널 시연에 쓸 전체 실행 환경 확인; not-run,후보·미제작
https://msense.me/python/guides/code-games-091/,게임 프로젝트: Robot.__init__ 메서드 읽기,게임 프로젝트,YouTube·네이버 클립,게임 장면→입력/충돌 규칙 한 가지 시연,파이썬 과정·체험,채널 시연에 쓸 전체 실행 환경 확인; not-run,후보·미제작
https://msense.me/python/guides/code-games-092/,게임 프로젝트: Robot.move 메서드 읽기,게임 프로젝트,YouTube·네이버 클립,게임 장면→입력/충돌 규칙 한 가지 시연,파이썬 과정·체험,채널 시연에 쓸 전체 실행 환경 확인; not-run,후보·미제작
https://msense.me/python/guides/code-games-093/,게임 프로젝트: Robot.animate 메서드 읽기,게임 프로젝트,YouTube·네이버 클립,게임 장면→입력/충돌 규칙 한 가지 시연,파이썬 과정·체험,채널 시연에 쓸 전체 실행 환경 확인; not-run,후보·미제작
https://msense.me/python/guides/code-games-094/,게임 프로젝트: Robot.check_animations 메서드 읽기,게임 프로젝트,YouTube·네이버 클립,게임 장면→입력/충돌 규칙 한 가지 시연,파이썬 과정·체험,채널 시연에 쓸 전체 실행 환경 확인; not-run,후보·미제작
https://msense.me/python/guides/code-games-095/,게임 프로젝트: Expedition.add_robot 메서드 읽기,게임 프로젝트,YouTube·네이버 클립,게임 장면→입력/충돌 규칙 한 가지 시연,파이썬 과정·체험,채널 시연에 쓸 전체 실행 환경 확인; not-run,후보·미제작
https://msense.me/python/guides/code-games-096/,게임 프로젝트: Crystal.move 메서드 읽기,게임 프로젝트,YouTube·네이버 클립,게임 장면→입력/충돌 규칙 한 가지 시연,파이썬 과정·체험,채널 시연에 쓸 전체 실행 환경 확인; not-run,후보·미제작
https://msense.me/python/guides/code-games-097/,게임 프로젝트: 회수한 결정 수만큼 보상 계산,게임 프로젝트,YouTube·네이버 클립,게임 장면→입력/충돌 규칙 한 가지 시연,파이썬 과정·체험,채널 시연에 쓸 전체 실행 환경 확인; not-run,후보·미제작
https://msense.me/python/guides/code-games-098/,게임 프로젝트: Expedition.start_new_round 메서드 읽기,게임 프로젝트,YouTube·네이버 클립,게임 장면→입력/충돌 규칙 한 가지 시연,파이썬 과정·체험,채널 시연에 쓸 전체 실행 환경 확인; not-run,후보·미제작
https://msense.me/python/guides/code-games-099/,게임 프로젝트: Expedition.check_game_over 메서드 읽기,게임 프로젝트,YouTube·네이버 클립,게임 장면→입력/충돌 규칙 한 가지 시연,파이썬 과정·체험,채널 시연에 쓸 전체 실행 환경 확인; not-run,후보·미제작
https://msense.me/python/guides/code-games-100/,게임 프로젝트: 완성 버전의 Enter 상태별 동작,게임 프로젝트,YouTube·네이버 클립,게임 장면→입력/충돌 규칙 한 가지 시연,파이썬 과정·체험,채널 시연에 쓸 전체 실행 환경 확인; not-run,후보·미제작
https://msense.me/python/guides/code-advanced-001/,파이썬 심화: 빈 딕셔너리와 기본 딕셔너리 만들기,파이썬 심화,블로그·YouTube,작은 도구의 필요→자료 구조/상태 변화 설명,파이썬 과정·체험,채널 시연에 쓸 전체 실행 환경 확인; passed-smoke,후보·미제작
https://msense.me/python/guides/code-advanced-002/,파이썬 심화: 키로 값 접근하고 수정하기,파이썬 심화,블로그·YouTube,작은 도구의 필요→자료 구조/상태 변화 설명,파이썬 과정·체험,채널 시연에 쓸 전체 실행 환경 확인; passed-smoke,후보·미제작
https://msense.me/python/guides/code-advanced-003/,파이썬 심화: 새로운 키-값 쌍 추가하기,파이썬 심화,블로그·YouTube,작은 도구의 필요→자료 구조/상태 변화 설명,파이썬 과정·체험,채널 시연에 쓸 전체 실행 환경 확인; passed-smoke,후보·미제작
https://msense.me/python/guides/code-advanced-004/,파이썬 심화: 성적표에 필요한 딕셔너리 준비하기,파이썬 심화,블로그·YouTube,작은 도구의 필요→자료 구조/상태 변화 설명,파이썬 과정·체험,채널 시연에 쓸 전체 실행 환경 확인; passed-smoke,후보·미제작
https://msense.me/python/guides/code-advanced-005/,파이썬 심화: 학생 이름과 점수를 하나씩 꺼내기,파이썬 심화,블로그·YouTube,작은 도구의 필요→자료 구조/상태 변화 설명,파이썬 과정·체험,채널 시연에 쓸 전체 실행 환경 확인; needs-context-or-fix,후보·미제작
https://msense.me/python/guides/code-advanced-006/,파이썬 심화: 등급 기준을 순서대로 검사하기,파이썬 심화,블로그·YouTube,작은 도구의 필요→자료 구조/상태 변화 설명,파이썬 과정·체험,채널 시연에 쓸 전체 실행 환경 확인; needs-context-or-fix,후보·미제작
https://msense.me/python/guides/code-advanced-007/,파이썬 심화: 중첩 딕셔너리 핵심 구조 만들기,파이썬 심화,블로그·YouTube,작은 도구의 필요→자료 구조/상태 변화 설명,파이썬 과정·체험,채널 시연에 쓸 전체 실행 환경 확인; passed-smoke,후보·미제작
https://msense.me/python/guides/code-advanced-008/,파이썬 심화: 대괄호를 이어서 값 꺼내기,파이썬 심화,블로그·YouTube,작은 도구의 필요→자료 구조/상태 변화 설명,파이썬 과정·체험,채널 시연에 쓸 전체 실행 환경 확인; needs-context-or-fix,후보·미제작
https://msense.me/python/guides/code-advanced-009/,파이썬 심화: 리스트에 새 값 추가하기,파이썬 심화,블로그·YouTube,작은 도구의 필요→자료 구조/상태 변화 설명,파이썬 과정·체험,채널 시연에 쓸 전체 실행 환경 확인; needs-context-or-fix,후보·미제작
https://msense.me/python/guides/code-advanced-010/,파이썬 심화: 연습용 users 딕셔너리 만들기,파이썬 심화,블로그·YouTube,작은 도구의 필요→자료 구조/상태 변화 설명,파이썬 과정·체험,채널 시연에 쓸 전체 실행 환경 확인; passed-smoke,후보·미제작
https://msense.me/python/guides/code-advanced-011/,파이썬 심화: for문으로 리스트 만들기,파이썬 심화,블로그·YouTube,작은 도구의 필요→자료 구조/상태 변화 설명,파이썬 과정·체험,채널 시연에 쓸 전체 실행 환경 확인; needs-context-or-fix,후보·미제작
https://msense.me/python/guides/code-advanced-012/,파이썬 심화: 리스트 컴프리헨션 기본형 익히기,파이썬 심화,블로그·YouTube,작은 도구의 필요→자료 구조/상태 변화 설명,파이썬 과정·체험,채널 시연에 쓸 전체 실행 환경 확인; needs-context-or-fix,후보·미제작
https://msense.me/python/guides/code-advanced-013/,파이썬 심화: 컴프리헨션 연습용 users 만들기,파이썬 심화,블로그·YouTube,작은 도구의 필요→자료 구조/상태 변화 설명,파이썬 과정·체험,채널 시연에 쓸 전체 실행 환경 확인; passed-smoke,후보·미제작
https://msense.me/python/guides/code-advanced-014/,파이썬 심화: 리스트 컴프리헨션으로 값 모으기,파이썬 심화,블로그·YouTube,작은 도구의 필요→자료 구조/상태 변화 설명,파이썬 과정·체험,채널 시연에 쓸 전체 실행 환경 확인; needs-context-or-fix,후보·미제작
https://msense.me/python/guides/code-advanced-015/,파이썬 심화: 조건이 있는 리스트 컴프리헨션 만들기,파이썬 심화,블로그·YouTube,작은 도구의 필요→자료 구조/상태 변화 설명,파이썬 과정·체험,채널 시연에 쓸 전체 실행 환경 확인; needs-context-or-fix,후보·미제작
https://msense.me/python/guides/code-advanced-016/,파이썬 심화: 계산 함수 만들기,파이썬 심화,블로그·YouTube,작은 도구의 필요→자료 구조/상태 변화 설명,파이썬 과정·체험,채널 시연에 쓸 전체 실행 환경 확인; passed-smoke,후보·미제작
https://msense.me/python/guides/code-advanced-017/,파이썬 심화: 딕셔너리에 함수 저장하고 꺼내기,파이썬 심화,블로그·YouTube,작은 도구의 필요→자료 구조/상태 변화 설명,파이썬 과정·체험,채널 시연에 쓸 전체 실행 환경 확인; needs-context-or-fix,후보·미제작
https://msense.me/python/guides/code-advanced-018/,파이썬 심화: 한 번 계산하는 계산기 만들기,파이썬 심화,블로그·YouTube,작은 도구의 필요→자료 구조/상태 변화 설명,파이썬 과정·체험,채널 시연에 쓸 전체 실행 환경 확인; not-run,후보·미제작
https://msense.me/python/guides/code-advanced-019/,"파이썬 심화: open, write, close로 파일에 쓰기",파이썬 심화,블로그·YouTube,작은 도구의 필요→자료 구조/상태 변화 설명,파이썬 과정·체험,채널 시연에 쓸 전체 실행 환경 확인; not-run,후보·미제작
https://msense.me/python/guides/code-advanced-020/,파이썬 심화: with open으로 파일에 여러 번 쓰기,파이썬 심화,블로그·YouTube,작은 도구의 필요→자료 구조/상태 변화 설명,파이썬 과정·체험,채널 시연에 쓸 전체 실행 환경 확인; not-run,후보·미제작
https://msense.me/python/guides/code-advanced-021/,파이썬 심화: CSV 파일을 텍스트 파일처럼 읽어보기,파이썬 심화,블로그·YouTube,작은 도구의 필요→자료 구조/상태 변화 설명,파이썬 과정·체험,채널 시연에 쓸 전체 실행 환경 확인; not-run,후보·미제작
https://msense.me/python/guides/code-advanced-022/,파이썬 심화: csv.reader로 행 단위로 읽기,파이썬 심화,블로그·YouTube,작은 도구의 필요→자료 구조/상태 변화 설명,파이썬 과정·체험,채널 시연에 쓸 전체 실행 환경 확인; not-run,후보·미제작
https://msense.me/python/guides/code-advanced-023/,파이썬 심화: Series 전체 계산과 새 데이터 추가하기,파이썬 심화,블로그·YouTube,작은 도구의 필요→자료 구조/상태 변화 설명,파이썬 과정·체험,채널 시연에 쓸 전체 실행 환경 확인; needs-context-or-fix,후보·미제작
https://msense.me/python/guides/code-advanced-024/,파이썬 심화: DataFrame에 새 열 추가하고 평균 구하기,파이썬 심화,블로그·YouTube,작은 도구의 필요→자료 구조/상태 변화 설명,파이썬 과정·체험,채널 시연에 쓸 전체 실행 환경 확인; needs-context-or-fix,후보·미제작
https://msense.me/python/guides/code-advanced-025/,파이썬 심화: tkinter 창 만들기,파이썬 심화,블로그·YouTube,작은 도구의 필요→자료 구조/상태 변화 설명,파이썬 과정·체험,채널 시연에 쓸 전체 실행 환경 확인; not-run,후보·미제작
https://msense.me/python/guides/code-advanced-026/,파이썬 심화: Label 위젯 만들고 배치하기,파이썬 심화,블로그·YouTube,작은 도구의 필요→자료 구조/상태 변화 설명,파이썬 과정·체험,채널 시연에 쓸 전체 실행 환경 확인; not-run,후보·미제작
https://msense.me/python/guides/code-advanced-027/,파이썬 심화: 창 만들고 전체 여백 주기,파이썬 심화,블로그·YouTube,작은 도구의 필요→자료 구조/상태 변화 설명,파이썬 과정·체험,채널 시연에 쓸 전체 실행 환경 확인; not-run,후보·미제작
https://msense.me/python/guides/code-advanced-028/,파이썬 심화: Label 만들고 grid로 배치하기,파이썬 심화,블로그·YouTube,작은 도구의 필요→자료 구조/상태 변화 설명,파이썬 과정·체험,채널 시연에 쓸 전체 실행 환경 확인; not-run,후보·미제작
https://msense.me/python/guides/code-advanced-029/,파이썬 심화: 마일을 km로 바꾸는 함수 만들기,파이썬 심화,블로그·YouTube,작은 도구의 필요→자료 구조/상태 변화 설명,파이썬 과정·체험,채널 시연에 쓸 전체 실행 환경 확인; not-run,후보·미제작
https://msense.me/python/guides/code-advanced-030/,파이썬 심화: 마일-km 변환기 창과 grid 배치 만들기,파이썬 심화,블로그·YouTube,작은 도구의 필요→자료 구조/상태 변화 설명,파이썬 과정·체험,채널 시연에 쓸 전체 실행 환경 확인; not-run,후보·미제작
https://msense.me/python/guides/code-advanced-031/,파이썬 심화: 중첩 딕셔너리에서 값 꺼내기,파이썬 심화,블로그·YouTube,작은 도구의 필요→자료 구조/상태 변화 설명,파이썬 과정·체험,채널 시연에 쓸 전체 실행 환경 확인; passed-smoke,후보·미제작
https://msense.me/python/guides/code-advanced-032/,파이썬 심화: JSON 문자열을 딕셔너리로 바꾸기,파이썬 심화,블로그·YouTube,작은 도구의 필요→자료 구조/상태 변화 설명,파이썬 과정·체험,채널 시연에 쓸 전체 실행 환경 확인; not-run,후보·미제작
https://msense.me/python/guides/code-advanced-033/,파이썬 심화: ISS 위치 딕셔너리 꺼내기,파이썬 심화,블로그·YouTube,작은 도구의 필요→자료 구조/상태 변화 설명,파이썬 과정·체험,채널 시연에 쓸 전체 실행 환경 확인; needs-context-or-fix,후보·미제작
https://msense.me/python/guides/code-advanced-034/,파이썬 심화: 위도와 경도를 튜플로 묶기,파이썬 심화,블로그·YouTube,작은 도구의 필요→자료 구조/상태 변화 설명,파이썬 과정·체험,채널 시연에 쓸 전체 실행 환경 확인; needs-context-or-fix,후보·미제작
https://msense.me/python/guides/code-advanced-035/,파이썬 심화: 필요한 모듈과 위치 파라미터 준비하기,파이썬 심화,블로그·YouTube,작은 도구의 필요→자료 구조/상태 변화 설명,파이썬 과정·체험,채널 시연에 쓸 전체 실행 환경 확인; not-run,후보·미제작
https://msense.me/python/guides/code-advanced-036/,파이썬 심화: params로 API 요청 보내기,파이썬 심화,블로그·YouTube,작은 도구의 필요→자료 구조/상태 변화 설명,파이썬 과정·체험,채널 시연에 쓸 전체 실행 환경 확인; needs-context-or-fix,후보·미제작
https://msense.me/python/guides/code-advanced-037/,파이썬 심화: 창 만들고 배경색 설정하기,파이썬 심화,블로그·YouTube,작은 도구의 필요→자료 구조/상태 변화 설명,파이썬 과정·체험,채널 시연에 쓸 전체 실행 환경 확인; not-run,후보·미제작
https://msense.me/python/guides/code-advanced-038/,파이썬 심화: Canvas에 카드 앞면 이미지 올리기,파이썬 심화,블로그·YouTube,작은 도구의 필요→자료 구조/상태 변화 설명,파이썬 과정·체험,채널 시연에 쓸 전체 실행 환경 확인; not-run,후보·미제작
https://msense.me/python/guides/code-advanced-039/,파이썬 심화: DataFrame을 카드 리스트로 바꾸기,파이썬 심화,블로그·YouTube,작은 도구의 필요→자료 구조/상태 변화 설명,파이썬 과정·체험,채널 시연에 쓸 전체 실행 환경 확인; passed-smoke,후보·미제작
https://msense.me/python/guides/code-advanced-040/,파이썬 심화: random.choice로 카드 하나 뽑기,파이썬 심화,블로그·YouTube,작은 도구의 필요→자료 구조/상태 변화 설명,파이썬 과정·체험,채널 시연에 쓸 전체 실행 환경 확인; needs-context-or-fix,후보·미제작
https://msense.me/python/guides/code-advanced-041/,파이썬 심화: CSV 데이터를 카드 리스트로 준비하기,파이썬 심화,블로그·YouTube,작은 도구의 필요→자료 구조/상태 변화 설명,파이썬 과정·체험,채널 시연에 쓸 전체 실행 환경 확인; not-run,후보·미제작
https://msense.me/python/guides/code-advanced-042/,파이썬 심화: next_card 함수 만들기,파이썬 심화,블로그·YouTube,작은 도구의 필요→자료 구조/상태 변화 설명,파이썬 과정·체험,채널 시연에 쓸 전체 실행 환경 확인; not-run,후보·미제작
https://msense.me/python/guides/code-advanced-043/,파이썬 심화: try except else 기본 구조,파이썬 심화,블로그·YouTube,작은 도구의 필요→자료 구조/상태 변화 설명,파이썬 과정·체험,채널 시연에 쓸 전체 실행 환경 확인; not-run,후보·미제작
https://msense.me/python/guides/code-advanced-044/,파이썬 심화: 저장 파일이 있으면 읽고 없으면 원본 파일 읽기,파이썬 심화,블로그·YouTube,작은 도구의 필요→자료 구조/상태 변화 설명,파이썬 과정·체험,채널 시연에 쓸 전체 실행 환경 확인; not-run,후보·미제작
https://msense.me/python/guides/code-advanced-045/,파이썬 심화: Flash Card 전체 코드,파이썬 심화,블로그·YouTube,작은 도구의 필요→자료 구조/상태 변화 설명,파이썬 과정·체험,채널 시연에 쓸 전체 실행 환경 확인; not-run,후보·미제작
https://msense.me/python/guides/code-advanced-046/,파이썬 심화: zip으로 번호와 이름 묶기,파이썬 심화,블로그·YouTube,작은 도구의 필요→자료 구조/상태 변화 설명,파이썬 과정·체험,채널 시연에 쓸 전체 실행 환경 확인; passed-smoke,후보·미제작
https://msense.me/python/guides/code-advanced-047/,"파이썬 심화: zip으로 과일, 가격, 개수 묶기",파이썬 심화,블로그·YouTube,작은 도구의 필요→자료 구조/상태 변화 설명,파이썬 과정·체험,채널 시연에 쓸 전체 실행 환경 확인; passed-smoke,후보·미제작
https://msense.me/python/guides/code-advanced-048/,파이썬 심화: 일반 함수와 lambda 함수 비교하기,파이썬 심화,블로그·YouTube,작은 도구의 필요→자료 구조/상태 변화 설명,파이썬 과정·체험,채널 시연에 쓸 전체 실행 환경 확인; passed-smoke,후보·미제작
https://msense.me/python/guides/code-advanced-049/,파이썬 심화: 함수와 map으로 구매 금액 할인하기,파이썬 심화,블로그·YouTube,작은 도구의 필요→자료 구조/상태 변화 설명,파이썬 과정·체험,채널 시연에 쓸 전체 실행 환경 확인; passed-smoke,후보·미제작
https://msense.me/python/guides/code-advanced-050/,파이썬 심화: lambda 조건식으로 장바구니 금액 처리하기,파이썬 심화,블로그·YouTube,작은 도구의 필요→자료 구조/상태 변화 설명,파이썬 과정·체험,채널 시연에 쓸 전체 실행 환경 확인; passed-smoke,후보·미제작
https://msense.me/python/guides/code-math-001/,파이썬 수학: print로 문자열과 계산 출력하기,파이썬 수학,블로그·Instagram·YouTube,수학 질문→손계산→코드 검산,파이썬 과정·체험,채널 시연에 쓸 전체 실행 환경 확인; passed-smoke,후보·미제작
https://msense.me/python/guides/code-math-002/,파이썬 수학: 문자열 연결과 자료형 확인하기,파이썬 수학,블로그·Instagram·YouTube,수학 질문→손계산→코드 검산,파이썬 과정·체험,채널 시연에 쓸 전체 실행 환경 확인; passed-smoke,후보·미제작
https://msense.me/python/guides/code-math-003/,파이썬 수학: 기본 연산자 연습하기,파이썬 수학,블로그·Instagram·YouTube,수학 질문→손계산→코드 검산,파이썬 과정·체험,채널 시연에 쓸 전체 실행 환경 확인; passed-smoke,후보·미제작
https://msense.me/python/guides/code-math-004/,파이썬 수학: 변수에 숫자와 문자열 담기,파이썬 수학,블로그·Instagram·YouTube,수학 질문→손계산→코드 검산,파이썬 과정·체험,채널 시연에 쓸 전체 실행 환경 확인; passed-smoke,후보·미제작
https://msense.me/python/guides/code-math-005/,파이썬 수학: 변수로 퀴즈 해결하기,파이썬 수학,블로그·Instagram·YouTube,수학 질문→손계산→코드 검산,파이썬 과정·체험,채널 시연에 쓸 전체 실행 환경 확인; passed-smoke,후보·미제작
https://msense.me/python/guides/code-math-006/,파이썬 수학: 문자열은 따옴표로 감싸기,파이썬 수학,블로그·Instagram·YouTube,수학 질문→손계산→코드 검산,파이썬 과정·체험,채널 시연에 쓸 전체 실행 환경 확인; passed-smoke,후보·미제작
https://msense.me/python/guides/code-math-007/,파이썬 수학: 숫자와 문자열의 차이 확인하기,파이썬 수학,블로그·Instagram·YouTube,수학 질문→손계산→코드 검산,파이썬 과정·체험,채널 시연에 쓸 전체 실행 환경 확인; passed-smoke,후보·미제작
https://msense.me/python/guides/code-math-008/,파이썬 수학: 인덱싱으로 원하는 글자 꺼내기,파이썬 수학,블로그·Instagram·YouTube,수학 질문→손계산→코드 검산,파이썬 과정·체험,채널 시연에 쓸 전체 실행 환경 확인; passed-smoke,후보·미제작
https://msense.me/python/guides/code-math-009/,파이썬 수학: 슬라이싱으로 문자열 일부 잘라내기,파이썬 수학,블로그·Instagram·YouTube,수학 질문→손계산→코드 검산,파이썬 과정·체험,채널 시연에 쓸 전체 실행 환경 확인; passed-smoke,후보·미제작
https://msense.me/python/guides/code-math-010/,파이썬 수학: 문자열 퀴즈 해결하기,파이썬 수학,블로그·Instagram·YouTube,수학 질문→손계산→코드 검산,파이썬 과정·체험,채널 시연에 쓸 전체 실행 환경 확인; passed-smoke,후보·미제작
https://msense.me/python/guides/code-math-011/,파이썬 수학: 문자열을 숫자로 바꾸어 계산하기,파이썬 수학,블로그·Instagram·YouTube,수학 질문→손계산→코드 검산,파이썬 과정·체험,채널 시연에 쓸 전체 실행 환경 확인; passed-smoke,후보·미제작
https://msense.me/python/guides/code-math-012/,파이썬 수학: float와 str 형변환 연습하기,파이썬 수학,블로그·Instagram·YouTube,수학 질문→손계산→코드 검산,파이썬 과정·체험,채널 시연에 쓸 전체 실행 환경 확인; passed-smoke,후보·미제작
https://msense.me/python/guides/code-math-013/,파이썬 수학: 숫자를 문자열로 바꾸어 마지막 자리 꺼내기,파이썬 수학,블로그·Instagram·YouTube,수학 질문→손계산→코드 검산,파이썬 과정·체험,채널 시연에 쓸 전체 실행 환경 확인; passed-smoke,후보·미제작
https://msense.me/python/guides/code-math-014/,파이썬 수학: 한 줄로 마지막 자리 수 구하기,파이썬 수학,블로그·Instagram·YouTube,수학 질문→손계산→코드 검산,파이썬 과정·체험,채널 시연에 쓸 전체 실행 환경 확인; passed-smoke,후보·미제작
https://msense.me/python/guides/code-math-015/,"파이썬 수학: 형변환과 인덱싱, 슬라이싱 퀴즈",파이썬 수학,블로그·Instagram·YouTube,수학 질문→손계산→코드 검산,파이썬 과정·체험,채널 시연에 쓸 전체 실행 환경 확인; passed-smoke,후보·미제작
https://msense.me/python/guides/code-math-016/,파이썬 수학: str로 숫자를 문자열로 바꾸기,파이썬 수학,블로그·Instagram·YouTube,수학 질문→손계산→코드 검산,파이썬 과정·체험,채널 시연에 쓸 전체 실행 환경 확인; passed-smoke,후보·미제작
https://msense.me/python/guides/code-math-017/,파이썬 수학: 내장 함수로 자료 확인하기,파이썬 수학,블로그·Instagram·YouTube,수학 질문→손계산→코드 검산,파이썬 과정·체험,채널 시연에 쓸 전체 실행 환경 확인; passed-smoke,후보·미제작
https://msense.me/python/guides/code-math-018/,파이썬 수학: 문자열 메소드 사용하기,파이썬 수학,블로그·Instagram·YouTube,수학 질문→손계산→코드 검산,파이썬 과정·체험,채널 시연에 쓸 전체 실행 환경 확인; passed-smoke,후보·미제작
https://msense.me/python/guides/code-math-019/,파이썬 수학: split으로 문자열을 리스트로 나누기,파이썬 수학,블로그·Instagram·YouTube,수학 질문→손계산→코드 검산,파이썬 과정·체험,채널 시연에 쓸 전체 실행 환경 확인; passed-smoke,후보·미제작
https://msense.me/python/guides/code-math-020/,파이썬 수학: 형변환과 len으로 숫자의 자리 수 구하기,파이썬 수학,블로그·Instagram·YouTube,수학 질문→손계산→코드 검산,파이썬 과정·체험,채널 시연에 쓸 전체 실행 환경 확인; passed-smoke,후보·미제작
https://msense.me/python/guides/code-math-021/,파이썬 수학: 문자열 연결 방식으로 문장 만들기,파이썬 수학,블로그·Instagram·YouTube,수학 질문→손계산→코드 검산,파이썬 과정·체험,채널 시연에 쓸 전체 실행 환경 확인; passed-smoke,후보·미제작
https://msense.me/python/guides/code-math-022/,파이썬 수학: f-string으로 변수 바로 넣기,파이썬 수학,블로그·Instagram·YouTube,수학 질문→손계산→코드 검산,파이썬 과정·체험,채널 시연에 쓸 전체 실행 환경 확인; passed-smoke,후보·미제작
https://msense.me/python/guides/code-math-023/,파이썬 수학: f-string으로 정렬과 소수점 꾸미기,파이썬 수학,블로그·Instagram·YouTube,수학 질문→손계산→코드 검산,파이썬 과정·체험,채널 시연에 쓸 전체 실행 환경 확인; passed-smoke,후보·미제작
https://msense.me/python/guides/code-math-024/,파이썬 수학: 리스트 만들고 타입 확인하기,파이썬 수학,블로그·Instagram·YouTube,수학 질문→손계산→코드 검산,파이썬 과정·체험,채널 시연에 쓸 전체 실행 환경 확인; passed-smoke,후보·미제작
https://msense.me/python/guides/code-math-025/,파이썬 수학: 리스트 인덱싱과 슬라이싱,파이썬 수학,블로그·Instagram·YouTube,수학 질문→손계산→코드 검산,파이썬 과정·체험,채널 시연에 쓸 전체 실행 환경 확인; passed-smoke,후보·미제작
https://msense.me/python/guides/code-math-026/,파이썬 수학: 리스트 속 문자열 이중 인덱싱,파이썬 수학,블로그·Instagram·YouTube,수학 질문→손계산→코드 검산,파이썬 과정·체험,채널 시연에 쓸 전체 실행 환경 확인; passed-smoke,후보·미제작
https://msense.me/python/guides/code-math-027/,파이썬 수학: 리스트 원소 바꾸기,파이썬 수학,블로그·Instagram·YouTube,수학 질문→손계산→코드 검산,파이썬 과정·체험,채널 시연에 쓸 전체 실행 환경 확인; passed-smoke,후보·미제작
https://msense.me/python/guides/code-math-028/,"파이썬 수학: 리스트 합치기, 합계 구하기, 개수 세기",파이썬 수학,블로그·Instagram·YouTube,수학 질문→손계산→코드 검산,파이썬 과정·체험,채널 시연에 쓸 전체 실행 환경 확인; passed-smoke,후보·미제작
https://msense.me/python/guides/code-math-029/,파이썬 수학: append와 count 사용하기,파이썬 수학,블로그·Instagram·YouTube,수학 질문→손계산→코드 검산,파이썬 과정·체험,채널 시연에 쓸 전체 실행 환경 확인; passed-smoke,후보·미제작
https://msense.me/python/guides/code-math-030/,파이썬 수학: sort와 reverse로 리스트 정리하기,파이썬 수학,블로그·Instagram·YouTube,수학 질문→손계산→코드 검산,파이썬 과정·체험,채널 시연에 쓸 전체 실행 환경 확인; passed-smoke,후보·미제작
https://msense.me/python/guides/code-math-031/,파이썬 수학: sort와 sorted의 차이 이해하기,파이썬 수학,블로그·Instagram·YouTube,수학 질문→손계산→코드 검산,파이썬 과정·체험,채널 시연에 쓸 전체 실행 환경 확인; passed-smoke,후보·미제작
https://msense.me/python/guides/code-math-032/,파이썬 수학: 중첩 리스트에서 값 꺼내기,파이썬 수학,블로그·Instagram·YouTube,수학 질문→손계산→코드 검산,파이썬 과정·체험,채널 시연에 쓸 전체 실행 환경 확인; passed-smoke,후보·미제작
https://msense.me/python/guides/code-math-033/,"파이썬 수학: sum, len, round, append로 평균 추가하기",파이썬 수학,블로그·Instagram·YouTube,수학 질문→손계산→코드 검산,파이썬 과정·체험,채널 시연에 쓸 전체 실행 환경 확인; passed-smoke,후보·미제작
https://msense.me/python/guides/code-math-034/,파이썬 수학: for 반복문으로 숫자 제곱하기,파이썬 수학,블로그·Instagram·YouTube,수학 질문→손계산→코드 검산,파이썬 과정·체험,채널 시연에 쓸 전체 실행 환경 확인; passed-smoke,후보·미제작
https://msense.me/python/guides/code-math-035/,파이썬 수학: 문자열을 한 글자씩 반복하기,파이썬 수학,블로그·Instagram·YouTube,수학 질문→손계산→코드 검산,파이썬 과정·체험,채널 시연에 쓸 전체 실행 환경 확인; passed-smoke,후보·미제작
https://msense.me/python/guides/code-math-036/,파이썬 수학: 리스트 문장 반복과 split 단어 반복,파이썬 수학,블로그·Instagram·YouTube,수학 질문→손계산→코드 검산,파이썬 과정·체험,채널 시연에 쓸 전체 실행 환경 확인; passed-smoke,후보·미제작
https://msense.me/python/guides/code-math-037/,파이썬 수학: for 반복문으로 총합 구하기,파이썬 수학,블로그·Instagram·YouTube,수학 질문→손계산→코드 검산,파이썬 과정·체험,채널 시연에 쓸 전체 실행 환경 확인; passed-smoke,후보·미제작
https://msense.me/python/guides/code-math-038/,파이썬 수학: for 반복문으로 모든 숫자의 곱 구하기,파이썬 수학,블로그·Instagram·YouTube,수학 질문→손계산→코드 검산,파이썬 과정·체험,채널 시연에 쓸 전체 실행 환경 확인; passed-smoke,후보·미제작
https://msense.me/python/guides/code-math-039/,파이썬 수학: 리스트의 각 숫자 제곱 출력하기,파이썬 수학,블로그·Instagram·YouTube,수학 질문→손계산→코드 검산,파이썬 과정·체험,채널 시연에 쓸 전체 실행 환경 확인; passed-smoke,후보·미제작
https://msense.me/python/guides/code-math-040/,"파이썬 수학: for 반복문으로 총합 구하기 — += 연산, for 반복문 활용한 평균 구하기",파이썬 수학,블로그·Instagram·YouTube,수학 질문→손계산→코드 검산,파이썬 과정·체험,채널 시연에 쓸 전체 실행 환경 확인; passed-smoke,후보·미제작
https://msense.me/python/guides/code-math-041/,파이썬 수학: for 반복문으로 모든 수 곱하기,파이썬 수학,블로그·Instagram·YouTube,수학 질문→손계산→코드 검산,파이썬 과정·체험,채널 시연에 쓸 전체 실행 환경 확인; passed-smoke,후보·미제작
https://msense.me/python/guides/code-math-042/,파이썬 수학: 제곱한 값을 새 리스트에 저장하기,파이썬 수학,블로그·Instagram·YouTube,수학 질문→손계산→코드 검산,파이썬 과정·체험,채널 시연에 쓸 전체 실행 환경 확인; passed-smoke,후보·미제작
https://msense.me/python/guides/code-math-043/,파이썬 수학: 중첩 리스트 학생 평균 추가하기,파이썬 수학,블로그·Instagram·YouTube,수학 질문→손계산→코드 검산,파이썬 과정·체험,채널 시연에 쓸 전체 실행 환경 확인; passed-smoke,후보·미제작
https://msense.me/python/guides/code-math-044/,파이썬 수학: range와 if로 짝수 리스트 만들기,파이썬 수학,블로그·Instagram·YouTube,수학 질문→손계산→코드 검산,파이썬 과정·체험,채널 시연에 쓸 전체 실행 환경 확인; passed-smoke,후보·미제작
https://msense.me/python/guides/code-math-045/,파이썬 수학: 중첩 for문으로 구구단 출력하기,파이썬 수학,블로그·Instagram·YouTube,수학 질문→손계산→코드 검산,파이썬 과정·체험,채널 시연에 쓸 전체 실행 환경 확인; passed-smoke,후보·미제작
https://msense.me/python/guides/code-math-046/,파이썬 수학: bool로 True와 False 확인하기,파이썬 수학,블로그·Instagram·YouTube,수학 질문→손계산→코드 검산,파이썬 과정·체험,채널 시연에 쓸 전체 실행 환경 확인; passed-smoke,후보·미제작
https://msense.me/python/guides/code-math-047/,파이썬 수학: 비교 연산자로 True와 False 만들기,파이썬 수학,블로그·Instagram·YouTube,수학 질문→손계산→코드 검산,파이썬 과정·체험,채널 시연에 쓸 전체 실행 환경 확인; passed-smoke,후보·미제작
https://msense.me/python/guides/code-math-048/,파이썬 수학: not으로 결과 뒤집기,파이썬 수학,블로그·Instagram·YouTube,수학 질문→손계산→코드 검산,파이썬 과정·체험,채널 시연에 쓸 전체 실행 환경 확인; passed-smoke,후보·미제작
https://msense.me/python/guides/code-math-049/,파이썬 수학: in으로 문자열과 리스트 안에 있는지 확인하기,파이썬 수학,블로그·Instagram·YouTube,수학 질문→손계산→코드 검산,파이썬 과정·체험,채널 시연에 쓸 전체 실행 환경 확인; passed-smoke,후보·미제작
https://msense.me/python/guides/code-math-050/,파이썬 수학: 숫자를 문자열로 바꿔 포함 여부 확인하기,파이썬 수학,블로그·Instagram·YouTube,수학 질문→손계산→코드 검산,파이썬 과정·체험,채널 시연에 쓸 전체 실행 환경 확인; passed-smoke,후보·미제작
https://msense.me/python/guides/code-math-051/,파이썬 수학: 기본 if 조건문,파이썬 수학,블로그·Instagram·YouTube,수학 질문→손계산→코드 검산,파이썬 과정·체험,채널 시연에 쓸 전체 실행 환경 확인; passed-smoke,후보·미제작
https://msense.me/python/guides/code-math-052/,파이썬 수학: for와 if로 없는 숫자만 모으기,파이썬 수학,블로그·Instagram·YouTube,수학 질문→손계산→코드 검산,파이썬 과정·체험,채널 시연에 쓸 전체 실행 환경 확인; passed-smoke,후보·미제작
https://msense.me/python/guides/code-math-053/,파이썬 수학: if else로 짝수와 홀수 나누기,파이썬 수학,블로그·Instagram·YouTube,수학 질문→손계산→코드 검산,파이썬 과정·체험,채널 시연에 쓸 전체 실행 환경 확인; passed-smoke,후보·미제작
https://msense.me/python/guides/code-math-054/,파이썬 수학: if elif else로 교통수단 선택하기,파이썬 수학,블로그·Instagram·YouTube,수학 질문→손계산→코드 검산,파이썬 과정·체험,채널 시연에 쓸 전체 실행 환경 확인; passed-smoke,후보·미제작
https://msense.me/python/guides/code-math-055/,파이썬 수학: 학생 평균과 성적 자동 계산기,파이썬 수학,블로그·Instagram·YouTube,수학 질문→손계산→코드 검산,파이썬 과정·체험,채널 시연에 쓸 전체 실행 환경 확인; passed-smoke,후보·미제작
https://msense.me/python/guides/code-math-056/,파이썬 수학: 숫자 리스트로 합집합 직접 만들기,파이썬 수학,블로그·Instagram·YouTube,수학 질문→손계산→코드 검산,파이썬 과정·체험,채널 시연에 쓸 전체 실행 환경 확인; passed-smoke,후보·미제작
https://msense.me/python/guides/code-math-057/,파이썬 수학: 문자열 리스트로 합집합 만들기,파이썬 수학,블로그·Instagram·YouTube,수학 질문→손계산→코드 검산,파이썬 과정·체험,채널 시연에 쓸 전체 실행 환경 확인; passed-smoke,후보·미제작
https://msense.me/python/guides/code-math-058/,파이썬 수학: 교집합 직접 만들기,파이썬 수학,블로그·Instagram·YouTube,수학 질문→손계산→코드 검산,파이썬 과정·체험,채널 시연에 쓸 전체 실행 환경 확인; passed-smoke,후보·미제작
https://msense.me/python/guides/code-math-059/,파이썬 수학: 차집합 직접 만들기,파이썬 수학,블로그·Instagram·YouTube,수학 질문→손계산→코드 검산,파이썬 과정·체험,채널 시연에 쓸 전체 실행 환경 확인; passed-smoke,후보·미제작
https://msense.me/python/guides/code-math-060/,"파이썬 수학: set으로 합집합, 교집합, 차집합 구하기",파이썬 수학,블로그·Instagram·YouTube,수학 질문→손계산→코드 검산,파이썬 과정·체험,채널 시연에 쓸 전체 실행 환경 확인; passed-smoke,후보·미제작
https://msense.me/python/guides/code-math-061/,파이썬 수학: 제곱을 돌려주는 함수 만들기,파이썬 수학,블로그·Instagram·YouTube,수학 질문→손계산→코드 검산,파이썬 과정·체험,채널 시연에 쓸 전체 실행 환경 확인; passed-smoke,후보·미제작
https://msense.me/python/guides/code-math-062/,파이썬 수학: print와 return의 차이 확인하기,파이썬 수학,블로그·Instagram·YouTube,수학 질문→손계산→코드 검산,파이썬 과정·체험,채널 시연에 쓸 전체 실행 환경 확인; passed-smoke,후보·미제작
https://msense.me/python/guides/code-math-063/,파이썬 수학: 짝수 판별 함수 만들기,파이썬 수학,블로그·Instagram·YouTube,수학 질문→손계산→코드 검산,파이썬 과정·체험,채널 시연에 쓸 전체 실행 환경 확인; passed-smoke,후보·미제작
https://msense.me/python/guides/code-math-064/,파이썬 수학: 합집합 함수 만들기,파이썬 수학,블로그·Instagram·YouTube,수학 질문→손계산→코드 검산,파이썬 과정·체험,채널 시연에 쓸 전체 실행 환경 확인; passed-smoke,후보·미제작
https://msense.me/python/guides/code-math-065/,파이썬 수학: 구구단 출력 함수 만들기,파이썬 수학,블로그·Instagram·YouTube,수학 질문→손계산→코드 검산,파이썬 과정·체험,채널 시연에 쓸 전체 실행 환경 확인; passed-smoke,후보·미제작
https://msense.me/python/guides/code-math-066/,파이썬 수학: *args로 여러 숫자 더하기,파이썬 수학,블로그·Instagram·YouTube,수학 질문→손계산→코드 검산,파이썬 과정·체험,채널 시연에 쓸 전체 실행 환경 확인; passed-smoke,후보·미제작
https://msense.me/python/guides/code-math-067/,파이썬 수학: 두 리스트의 합집합 함수 만들기,파이썬 수학,블로그·Instagram·YouTube,수학 질문→손계산→코드 검산,파이썬 과정·체험,채널 시연에 쓸 전체 실행 환경 확인; passed-smoke,후보·미제작
https://msense.me/python/guides/code-math-068/,파이썬 수학: *args로 여러 리스트의 합집합 구하기,파이썬 수학,블로그·Instagram·YouTube,수학 질문→손계산→코드 검산,파이썬 과정·체험,채널 시연에 쓸 전체 실행 환경 확인; passed-smoke,후보·미제작
https://msense.me/python/guides/code-math-069/,파이썬 수학: *args로 여러 리스트의 교집합 구하기,파이썬 수학,블로그·Instagram·YouTube,수학 질문→손계산→코드 검산,파이썬 과정·체험,채널 시연에 쓸 전체 실행 환경 확인; passed-smoke,후보·미제작
https://msense.me/python/guides/code-math-070/,파이썬 수학: 자릿수를 돌려주는 함수 만들기,파이썬 수학,블로그·Instagram·YouTube,수학 질문→손계산→코드 검산,파이썬 과정·체험,채널 시연에 쓸 전체 실행 환경 확인; passed-smoke,후보·미제작
https://msense.me/python/guides/code-math-071/,파이썬 수학: 가장 간단한 클래스 만들기,파이썬 수학,블로그·Instagram·YouTube,수학 질문→손계산→코드 검산,파이썬 과정·체험,채널 시연에 쓸 전체 실행 환경 확인; passed-smoke,후보·미제작
https://msense.me/python/guides/code-math-072/,파이썬 수학: Book 클래스에 기본 속성 만들기,파이썬 수학,블로그·Instagram·YouTube,수학 질문→손계산→코드 검산,파이썬 과정·체험,채널 시연에 쓸 전체 실행 환경 확인; passed-smoke,후보·미제작
https://msense.me/python/guides/code-math-073/,파이썬 수학: 특정 인스턴스의 속성만 바꾸기,파이썬 수학,블로그·Instagram·YouTube,수학 질문→손계산→코드 검산,파이썬 과정·체험,채널 시연에 쓸 전체 실행 환경 확인; passed-smoke,후보·미제작
https://msense.me/python/guides/code-math-074/,파이썬 수학: Person 클래스와 인스턴스 속성,파이썬 수학,블로그·Instagram·YouTube,수학 질문→손계산→코드 검산,파이썬 과정·체험,채널 시연에 쓸 전체 실행 환경 확인; not-run,후보·미제작
https://msense.me/python/guides/code-math-075/,파이썬 수학: 클래스 안에 메소드 맛보기,파이썬 수학,블로그·Instagram·YouTube,수학 질문→손계산→코드 검산,파이썬 과정·체험,채널 시연에 쓸 전체 실행 환경 확인; not-run,후보·미제작
https://msense.me/python/guides/code-math-076/,파이썬 수학: self를 사용하는 메소드 만들기,파이썬 수학,블로그·Instagram·YouTube,수학 질문→손계산→코드 검산,파이썬 과정·체험,채널 시연에 쓸 전체 실행 환경 확인; not-run,후보·미제작
https://msense.me/python/guides/code-math-077/,파이썬 수학: **init** 생성자로 인스턴스 속성 만들기,파이썬 수학,블로그·Instagram·YouTube,수학 질문→손계산→코드 검산,파이썬 과정·체험,채널 시연에 쓸 전체 실행 환경 확인; not-run,후보·미제작
https://msense.me/python/guides/code-math-078/,파이썬 수학: 클래스 속성 count로 책 개수 세기,파이썬 수학,블로그·Instagram·YouTube,수학 질문→손계산→코드 검산,파이썬 과정·체험,채널 시연에 쓸 전체 실행 환경 확인; not-run,후보·미제작
https://msense.me/python/guides/code-math-079/,파이썬 수학: Dog 클래스 만들기,파이썬 수학,블로그·Instagram·YouTube,수학 질문→손계산→코드 검산,파이썬 과정·체험,채널 시연에 쓸 전체 실행 환경 확인; not-run,후보·미제작
https://msense.me/python/guides/code-math-080/,파이썬 수학: 터틀 도화지와 거북이 준비하기,파이썬 수학,블로그·Instagram·YouTube,수학 질문→손계산→코드 검산,파이썬 과정·체험,채널 시연에 쓸 전체 실행 환경 확인; not-run,후보·미제작
https://msense.me/python/guides/code-math-081/,파이썬 수학: for문으로 색칠된 사각형 그리기,파이썬 수학,블로그·Instagram·YouTube,수학 질문→손계산→코드 검산,파이썬 과정·체험,채널 시연에 쓸 전체 실행 환경 확인; not-run,후보·미제작
https://msense.me/python/guides/code-math-082/,"파이썬 수학: penup, goto, pendown으로 원 그리기",파이썬 수학,블로그·Instagram·YouTube,수학 질문→손계산→코드 검산,파이썬 과정·체험,채널 시연에 쓸 전체 실행 환경 확인; not-run,후보·미제작
https://msense.me/python/guides/code-math-083/,파이썬 수학: 반복되는 사각형으로 건물 만들기,파이썬 수학,블로그·Instagram·YouTube,수학 질문→손계산→코드 검산,파이썬 과정·체험,채널 시연에 쓸 전체 실행 환경 확인; not-run,후보·미제작
https://msense.me/python/guides/code-math-084/,파이썬 수학: Sets 클래스로 합집합과 교집합 구하기,파이썬 수학,블로그·Instagram·YouTube,수학 질문→손계산→코드 검산,파이썬 과정·체험,채널 시연에 쓸 전체 실행 환경 확인; not-run,후보·미제작
https://msense.me/python/guides/code-math-085/,파이썬 수학: 함수로 짝수와 홀수 판별하기,파이썬 수학,블로그·Instagram·YouTube,수학 질문→손계산→코드 검산,파이썬 과정·체험,채널 시연에 쓸 전체 실행 환경 확인; not-run,후보·미제작
https://msense.me/python/guides/code-math-086/,파이썬 수학: 직접 번호를 세며 리스트 출력하기,파이썬 수학,블로그·Instagram·YouTube,수학 질문→손계산→코드 검산,파이썬 과정·체험,채널 시연에 쓸 전체 실행 환경 확인; passed-smoke,후보·미제작
https://msense.me/python/guides/code-math-087/,파이썬 수학: enumerate로 홀수 번째 과일만 출력하기,파이썬 수학,블로그·Instagram·YouTube,수학 질문→손계산→코드 검산,파이썬 과정·체험,채널 시연에 쓸 전체 실행 환경 확인; passed-smoke,후보·미제작
https://msense.me/python/guides/code-math-088/,파이썬 수학: running 깃발로 while 반복문 멈추기,파이썬 수학,블로그·Instagram·YouTube,수학 질문→손계산→코드 검산,파이썬 과정·체험,채널 시연에 쓸 전체 실행 환경 확인; passed-smoke,후보·미제작
https://msense.me/python/guides/code-math-089/,파이썬 수학: while과 running으로 1부터 4까지 출력하기,파이썬 수학,블로그·Instagram·YouTube,수학 질문→손계산→코드 검산,파이썬 과정·체험,채널 시연에 쓸 전체 실행 환경 확인; passed-smoke,후보·미제작
https://msense.me/python/guides/code-math-090/,파이썬 수학: while 조건에 직접 비교식 쓰기,파이썬 수학,블로그·Instagram·YouTube,수학 질문→손계산→코드 검산,파이썬 과정·체험,채널 시연에 쓸 전체 실행 환경 확인; passed-smoke,후보·미제작
https://msense.me/python/guides/code-math-091/,파이썬 수학: while True와 break로 탈출하기,파이썬 수학,블로그·Instagram·YouTube,수학 질문→손계산→코드 검산,파이썬 과정·체험,채널 시연에 쓸 전체 실행 환경 확인; passed-smoke,후보·미제작
https://msense.me/python/guides/code-math-092/,파이썬 수학: 리스트와 for문으로 제곱 리스트 만들기,파이썬 수학,블로그·Instagram·YouTube,수학 질문→손계산→코드 검산,파이썬 과정·체험,채널 시연에 쓸 전체 실행 환경 확인; passed-smoke,후보·미제작
https://msense.me/python/guides/code-math-093/,파이썬 수학: 넘파이 배열 만들고 한 번에 제곱하기,파이썬 수학,블로그·Instagram·YouTube,수학 질문→손계산→코드 검산,파이썬 과정·체험,채널 시연에 쓸 전체 실행 환경 확인; passed-smoke,후보·미제작
https://msense.me/python/guides/code-math-094/,파이썬 수학: 넘파이 배열 덧셈과 인덱싱 슬라이싱,파이썬 수학,블로그·Instagram·YouTube,수학 질문→손계산→코드 검산,파이썬 과정·체험,채널 시연에 쓸 전체 실행 환경 확인; passed-smoke,후보·미제작
https://msense.me/python/guides/code-math-095/,파이썬 수학: 넘파이 수학 함수와 배열끼리 계산하기,파이썬 수학,블로그·Instagram·YouTube,수학 질문→손계산→코드 검산,파이썬 과정·체험,채널 시연에 쓸 전체 실행 환경 확인; passed-smoke,후보·미제작
https://msense.me/python/guides/code-math-096/,파이썬 수학: 경주장 스크린 준비하기,파이썬 수학,블로그·Instagram·YouTube,수학 질문→손계산→코드 검산,파이썬 과정·체험,채널 시연에 쓸 전체 실행 환경 확인; not-run,후보·미제작
https://msense.me/python/guides/code-math-097/,"파이썬 수학: 제목, 트랙, 결승선 그리기",파이썬 수학,블로그·Instagram·YouTube,수학 질문→손계산→코드 검산,파이썬 과정·체험,채널 시연에 쓸 전체 실행 환경 확인; needs-context-or-fix,후보·미제작
https://msense.me/python/guides/code-math-098/,파이썬 수학: enumerate로 거북이 선수 만들기,파이썬 수학,블로그·Instagram·YouTube,수학 질문→손계산→코드 검산,파이썬 과정·체험,채널 시연에 쓸 전체 실행 환경 확인; not-run,후보·미제작
https://msense.me/python/guides/code-math-099/,파이썬 수학: while문으로 경주 진행하기,파이썬 수학,블로그·Instagram·YouTube,수학 질문→손계산→코드 검산,파이썬 과정·체험,채널 시연에 쓸 전체 실행 환경 확인; needs-context-or-fix,후보·미제작
https://msense.me/python/guides/code-math-100/,파이썬 수학: 나누어떨어지는 수 찾기,파이썬 수학,블로그·Instagram·YouTube,수학 질문→손계산→코드 검산,파이썬 과정·체험,채널 시연에 쓸 전체 실행 환경 확인; not-run,후보·미제작
https://msense.me/python/guides/code-math-101/,파이썬 수학: is_prime 함수의 기본 구조 만들기,파이썬 수학,블로그·Instagram·YouTube,수학 질문→손계산→코드 검산,파이썬 과정·체험,채널 시연에 쓸 전체 실행 환경 확인; passed-smoke,후보·미제작
https://msense.me/python/guides/code-math-102/,파이썬 수학: 제곱근까지만 확인하는 효율적인 소수 판별,파이썬 수학,블로그·Instagram·YouTube,수학 질문→손계산→코드 검산,파이썬 과정·체험,채널 시연에 쓸 전체 실행 환경 확인; passed-smoke,후보·미제작
https://msense.me/python/guides/code-math-103/,파이썬 수학: 입력받은 숫자가 소수인지 출력하기,파이썬 수학,블로그·Instagram·YouTube,수학 질문→손계산→코드 검산,파이썬 과정·체험,채널 시연에 쓸 전체 실행 환경 확인; not-run,후보·미제작
https://msense.me/python/guides/code-math-104/,파이썬 수학: is_prime 함수로 소수 판별하기,파이썬 수학,블로그·Instagram·YouTube,수학 질문→손계산→코드 검산,파이썬 과정·체험,채널 시연에 쓸 전체 실행 환경 확인; passed-smoke,후보·미제작
https://msense.me/python/guides/code-math-105/,파이썬 수학: 2부터 1000까지 소수 모으기,파이썬 수학,블로그·Instagram·YouTube,수학 질문→손계산→코드 검산,파이썬 과정·체험,채널 시연에 쓸 전체 실행 환경 확인; passed-smoke,후보·미제작
https://msense.me/python/guides/code-math-106/,파이썬 수학: 연속된 소수 사이의 가장 큰 차이 찾기,파이썬 수학,블로그·Instagram·YouTube,수학 질문→손계산→코드 검산,파이썬 과정·체험,채널 시연에 쓸 전체 실행 환경 확인; needs-context-or-fix,후보·미제작
https://msense.me/python/guides/code-math-107/,파이썬 수학: 소인수분해 함수 만들기,파이썬 수학,블로그·Instagram·YouTube,수학 질문→손계산→코드 검산,파이썬 과정·체험,채널 시연에 쓸 전체 실행 환경 확인; passed-smoke,후보·미제작
https://msense.me/python/guides/code-math-108/,파이썬 수학: 기본 약수 함수 만들기,파이썬 수학,블로그·Instagram·YouTube,수학 질문→손계산→코드 검산,파이썬 과정·체험,채널 시연에 쓸 전체 실행 환경 확인; passed-smoke,후보·미제작
https://msense.me/python/guides/code-math-109/,파이썬 수학: 제곱근을 이용한 약수 함수 만들기,파이썬 수학,블로그·Instagram·YouTube,수학 질문→손계산→코드 검산,파이썬 과정·체험,채널 시연에 쓸 전체 실행 환경 확인; passed-smoke,후보·미제작
https://msense.me/python/guides/code-math-110/,파이썬 수학: 두 리스트의 공통 원소 찾기,파이썬 수학,블로그·Instagram·YouTube,수학 질문→손계산→코드 검산,파이썬 과정·체험,채널 시연에 쓸 전체 실행 환경 확인; needs-context-or-fix,후보·미제작
https://msense.me/python/guides/code-math-111/,파이썬 수학: 공약수와 최대공약수 구하기,파이썬 수학,블로그·Instagram·YouTube,수학 질문→손계산→코드 검산,파이썬 과정·체험,채널 시연에 쓸 전체 실행 환경 확인; needs-context-or-fix,후보·미제작
https://msense.me/python/guides/code-math-112/,파이썬 수학: 나머지를 이용해 최대공약수 과정 이해하기,파이썬 수학,블로그·Instagram·YouTube,수학 질문→손계산→코드 검산,파이썬 과정·체험,채널 시연에 쓸 전체 실행 환경 확인; passed-smoke,후보·미제작
https://msense.me/python/guides/code-math-113/,파이썬 수학: while문으로 최대공약수 함수 만들기,파이썬 수학,블로그·Instagram·YouTube,수학 질문→손계산→코드 검산,파이썬 과정·체험,채널 시연에 쓸 전체 실행 환경 확인; passed-smoke,후보·미제작
https://msense.me/python/guides/code-math-114/,파이썬 수학: 한 줄 변수 교환으로 더 간단한 gcd 함수 만들기,파이썬 수학,블로그·Instagram·YouTube,수학 질문→손계산→코드 검산,파이썬 과정·체험,채널 시연에 쓸 전체 실행 환경 확인; passed-smoke,후보·미제작
https://msense.me/python/guides/code-math-115/,파이썬 수학: 재귀 함수로 최대공약수 구하기,파이썬 수학,블로그·Instagram·YouTube,수학 질문→손계산→코드 검산,파이썬 과정·체험,채널 시연에 쓸 전체 실행 환경 확인; passed-smoke,후보·미제작
https://msense.me/python/guides/code-math-116/,파이썬 수학: 배수 목록으로 최소공배수 찾기,파이썬 수학,블로그·Instagram·YouTube,수학 질문→손계산→코드 검산,파이썬 과정·체험,채널 시연에 쓸 전체 실행 환경 확인; passed-smoke,후보·미제작
https://msense.me/python/guides/code-math-117/,파이썬 수학: 소인수분해와 합집합 함수 준비하기,파이썬 수학,블로그·Instagram·YouTube,수학 질문→손계산→코드 검산,파이썬 과정·체험,채널 시연에 쓸 전체 실행 환경 확인; passed-smoke,후보·미제작
https://msense.me/python/guides/code-math-118/,파이썬 수학: 소인수분해로 최소공배수 만들기,파이썬 수학,블로그·Instagram·YouTube,수학 질문→손계산→코드 검산,파이썬 과정·체험,채널 시연에 쓸 전체 실행 환경 확인; needs-context-or-fix,후보·미제작
https://msense.me/python/guides/code-math-119/,파이썬 수학: 최대공약수를 이용해 최소공배수 빠르게 구하기,파이썬 수학,블로그·Instagram·YouTube,수학 질문→손계산→코드 검산,파이썬 과정·체험,채널 시연에 쓸 전체 실행 환경 확인; passed-smoke,후보·미제작
https://msense.me/python/guides/code-math-120/,파이썬 수학: 밤하늘 스크린과 터틀 준비하기,파이썬 수학,블로그·Instagram·YouTube,수학 질문→손계산→코드 검산,파이썬 과정·체험,채널 시연에 쓸 전체 실행 환경 확인; not-run,후보·미제작
https://msense.me/python/guides/code-math-121/,파이썬 수학: 별 하나를 그리는 star 함수 만들기,파이썬 수학,블로그·Instagram·YouTube,수학 질문→손계산→코드 검산,파이썬 과정·체험,채널 시연에 쓸 전체 실행 환경 확인; not-run,후보·미제작
https://msense.me/python/guides/code-math-122/,파이썬 수학: random으로 별 30개 흩뿌리기,파이썬 수학,블로그·Instagram·YouTube,수학 질문→손계산→코드 검산,파이썬 과정·체험,채널 시연에 쓸 전체 실행 환경 확인; not-run,후보·미제작
https://msense.me/python/guides/code-math-123/,파이썬 수학: 동그라미 두 개로 초승달 그리기,파이썬 수학,블로그·Instagram·YouTube,수학 질문→손계산→코드 검산,파이썬 과정·체험,채널 시연에 쓸 전체 실행 환경 확인; not-run,후보·미제작
https://msense.me/python/guides/code-math-124/,파이썬 수학: 10진수 숫자를 자릿수별로 분해하기,파이썬 수학,블로그·Instagram·YouTube,수학 질문→손계산→코드 검산,파이썬 과정·체험,채널 시연에 쓸 전체 실행 환경 확인; passed-smoke,후보·미제작
https://msense.me/python/guides/code-math-125/,파이썬 수학: 10진수를 2진수로 바꾸기,파이썬 수학,블로그·Instagram·YouTube,수학 질문→손계산→코드 검산,파이썬 과정·체험,채널 시연에 쓸 전체 실행 환경 확인; passed-smoke,후보·미제작
https://msense.me/python/guides/code-math-126/,파이썬 수학: 10진수를 원하는 N진수로 바꾸기,파이썬 수학,블로그·Instagram·YouTube,수학 질문→손계산→코드 검산,파이썬 과정·체험,채널 시연에 쓸 전체 실행 환경 확인; passed-smoke,후보·미제작
https://msense.me/python/guides/code-math-127/,파이썬 수학: N진수를 10진수로 되돌리기,파이썬 수학,블로그·Instagram·YouTube,수학 질문→손계산→코드 검산,파이썬 과정·체험,채널 시연에 쓸 전체 실행 환경 확인; passed-smoke,후보·미제작
https://msense.me/python/guides/code-math-128/,파이썬 수학: Dog 클래스의 기본 메소드 구조 만들기,파이썬 수학,블로그·Instagram·YouTube,수학 질문→손계산→코드 검산,파이썬 과정·체험,채널 시연에 쓸 전체 실행 환경 확인; not-run,후보·미제작
https://msense.me/python/guides/code-math-129/,파이썬 수학: Dog 클래스에 속성과 조건별 행동 넣기,파이썬 수학,블로그·Instagram·YouTube,수학 질문→손계산→코드 검산,파이썬 과정·체험,채널 시연에 쓸 전체 실행 환경 확인; not-run,후보·미제작
https://msense.me/python/guides/code-math-130/,파이썬 수학: input과 Circle 클래스로 원 계산하기,파이썬 수학,블로그·Instagram·YouTube,수학 질문→손계산→코드 검산,파이썬 과정·체험,채널 시연에 쓸 전체 실행 환경 확인; not-run,후보·미제작
https://msense.me/python/guides/code-math-131/,파이썬 수학: Sets 클래스로 합집합과 교집합 구하기 — class은행계좌,파이썬 수학,블로그·Instagram·YouTube,수학 질문→손계산→코드 검산,파이썬 과정·체험,채널 시연에 쓸 전체 실행 환경 확인; not-run,후보·미제작
https://msense.me/python/guides/code-math-132/,파이썬 수학: enumerate와 튜플 언패킹 연습하기,파이썬 수학,블로그·Instagram·YouTube,수학 질문→손계산→코드 검산,파이썬 과정·체험,채널 시연에 쓸 전체 실행 환경 확인; passed-smoke,후보·미제작
https://msense.me/python/guides/code-math-133/,파이썬 수학: Dog 클래스에 조건별 행동 넣기,파이썬 수학,블로그·Instagram·YouTube,수학 질문→손계산→코드 검산,파이썬 과정·체험,채널 시연에 쓸 전체 실행 환경 확인; not-run,후보·미제작
https://msense.me/python/guides/code-math-134/,파이썬 수학: 수학 문제 자판기의 핵심 함수 준비하기,파이썬 수학,블로그·Instagram·YouTube,수학 질문→손계산→코드 검산,파이썬 과정·체험,채널 시연에 쓸 전체 실행 환경 확인; passed-smoke,후보·미제작
https://msense.me/python/guides/code-math-135/,파이썬 수학: NaturalNumber 클래스의 초기 설정 만들기,파이썬 수학,블로그·Instagram·YouTube,수학 질문→손계산→코드 검산,파이썬 과정·체험,채널 시연에 쓸 전체 실행 환경 확인; not-run,후보·미제작
https://msense.me/python/guides/code-math-136/,파이썬 수학: question 메소드로 문제 내기,파이썬 수학,블로그·Instagram·YouTube,수학 질문→손계산→코드 검산,파이썬 과정·체험,채널 시연에 쓸 전체 실행 환경 확인; not-run,후보·미제작
https://msense.me/python/guides/code-math-137/,파이썬 수학: answer 메소드로 정답 알려주기,파이썬 수학,블로그·Instagram·YouTube,수학 질문→손계산→코드 검산,파이썬 과정·체험,채널 시연에 쓸 전체 실행 환경 확인; not-run,후보·미제작
https://msense.me/python/guides/code-math-138/,파이썬 수학: 리스트를 문자열로 이어 숫자 만들기,파이썬 수학,블로그·Instagram·YouTube,수학 질문→손계산→코드 검산,파이썬 과정·체험,채널 시연에 쓸 전체 실행 환경 확인; passed-smoke,후보·미제작
https://msense.me/python/guides/code-math-139/,파이썬 수학: 자릿값을 이용해 리스트를 숫자로 만들기,파이썬 수학,블로그·Instagram·YouTube,수학 질문→손계산→코드 검산,파이썬 과정·체험,채널 시연에 쓸 전체 실행 환경 확인; passed-smoke,후보·미제작
https://msense.me/python/guides/code-math-140/,파이썬 수학: 리스트에 쌓아가며 피보나치 수 구하기,파이썬 수학,블로그·Instagram·YouTube,수학 질문→손계산→코드 검산,파이썬 과정·체험,채널 시연에 쓸 전체 실행 환경 확인; passed-smoke,후보·미제작
https://msense.me/python/guides/code-math-141/,파이썬 수학: 변수 교환으로 피보나치 수 구하기,파이썬 수학,블로그·Instagram·YouTube,수학 질문→손계산→코드 검산,파이썬 과정·체험,채널 시연에 쓸 전체 실행 환경 확인; passed-smoke,후보·미제작
https://msense.me/python/guides/code-math-142/,파이썬 수학: Fraction으로 정확한 분수 만들기,파이썬 수학,블로그·Instagram·YouTube,수학 질문→손계산→코드 검산,파이썬 과정·체험,채널 시연에 쓸 전체 실행 환경 확인; passed-smoke,후보·미제작
https://msense.me/python/guides/code-math-143/,파이썬 수학: Fraction 계산과 float 변환하기,파이썬 수학,블로그·Instagram·YouTube,수학 질문→손계산→코드 검산,파이썬 과정·체험,채널 시연에 쓸 전체 실행 환경 확인; passed-smoke,후보·미제작
https://msense.me/python/guides/code-math-144/,파이썬 수학: RationalNumber 클래스의 문제 내기 만들기,파이썬 수학,블로그·Instagram·YouTube,수학 질문→손계산→코드 검산,파이썬 과정·체험,채널 시연에 쓸 전체 실행 환경 확인; not-run,후보·미제작
https://msense.me/python/guides/code-math-145/,파이썬 수학: RationalNumber 클래스의 정답 알려주기 만들기,파이썬 수학,블로그·Instagram·YouTube,수학 질문→손계산→코드 검산,파이썬 과정·체험,채널 시연에 쓸 전체 실행 환경 확인; not-run,후보·미제작
https://msense.me/python/guides/code-math-146/,파이썬 수학: def와 lambda 함수 비교하기,파이썬 수학,블로그·Instagram·YouTube,수학 질문→손계산→코드 검산,파이썬 과정·체험,채널 시연에 쓸 전체 실행 환경 확인; passed-smoke,후보·미제작
https://msense.me/python/guides/code-math-147/,파이썬 수학: filter와 lambda로 원하는 값만 골라내기,파이썬 수학,블로그·Instagram·YouTube,수학 질문→손계산→코드 검산,파이썬 과정·체험,채널 시연에 쓸 전체 실행 환경 확인; passed-smoke,후보·미제작
https://msense.me/python/guides/code-math-148/,파이썬 수학: map과 lambda로 모든 값 변환하기,파이썬 수학,블로그·Instagram·YouTube,수학 질문→손계산→코드 검산,파이썬 과정·체험,채널 시연에 쓸 전체 실행 환경 확인; passed-smoke,후보·미제작
https://msense.me/python/guides/code-math-149/,파이썬 수학: 리스트 내포로 짝수 제곱 리스트 만들기,파이썬 수학,블로그·Instagram·YouTube,수학 질문→손계산→코드 검산,파이썬 과정·체험,채널 시연에 쓸 전체 실행 환경 확인; passed-smoke,후보·미제작
https://msense.me/python/guides/code-math-150/,파이썬 수학: or 조건으로 2의 배수 또는 3의 배수 찾기,파이썬 수학,블로그·Instagram·YouTube,수학 질문→손계산→코드 검산,파이썬 과정·체험,채널 시연에 쓸 전체 실행 환경 확인; passed-smoke,후보·미제작
https://msense.me/python/guides/code-math-151/,파이썬 수학: 넘파이 배열의 shape 확인하고 reshape 하기,파이썬 수학,블로그·Instagram·YouTube,수학 질문→손계산→코드 검산,파이썬 과정·체험,채널 시연에 쓸 전체 실행 환경 확인; passed-smoke,후보·미제작
https://msense.me/python/guides/code-math-152/,파이썬 수학: 2차원 배열 만들고 원하는 값 꺼내기,파이썬 수학,블로그·Instagram·YouTube,수학 질문→손계산→코드 검산,파이썬 과정·체험,채널 시연에 쓸 전체 실행 환경 확인; passed-smoke,후보·미제작
https://msense.me/python/guides/code-math-153/,파이썬 수학: 1부터 25까지 5행 5열 배열 만들기,파이썬 수학,블로그·Instagram·YouTube,수학 질문→손계산→코드 검산,파이썬 과정·체험,채널 시연에 쓸 전체 실행 환경 확인; passed-smoke,후보·미제작
https://msense.me/python/guides/code-math-154/,파이썬 수학: 1차원과 2차원 배열 슬라이싱하기,파이썬 수학,블로그·Instagram·YouTube,수학 질문→손계산→코드 검산,파이썬 과정·체험,채널 시연에 쓸 전체 실행 환경 확인; passed-smoke,후보·미제작
https://msense.me/python/guides/code-math-155/,파이썬 수학: zeros 배열에 반복문으로 값 채우기,파이썬 수학,블로그·Instagram·YouTube,수학 질문→손계산→코드 검산,파이썬 과정·체험,채널 시연에 쓸 전체 실행 환경 확인; passed-smoke,후보·미제작
https://msense.me/python/guides/code-math-156/,파이썬 수학: np.where로 조건에 따라 값 바꾸기,파이썬 수학,블로그·Instagram·YouTube,수학 질문→손계산→코드 검산,파이썬 과정·체험,채널 시연에 쓸 전체 실행 환경 확인; passed-smoke,후보·미제작
https://msense.me/python/guides/code-math-157/,파이썬 수학: 최댓값과 그 위치 찾기,파이썬 수학,블로그·Instagram·YouTube,수학 질문→손계산→코드 검산,파이썬 과정·체험,채널 시연에 쓸 전체 실행 환경 확인; passed-smoke,후보·미제작
https://msense.me/python/guides/code-math-158/,파이썬 수학: 1차 방정식 해결 함수 만들기,파이썬 수학,블로그·Instagram·YouTube,수학 질문→손계산→코드 검산,파이썬 과정·체험,채널 시연에 쓸 전체 실행 환경 확인; passed-smoke,후보·미제작
https://msense.me/python/guides/code-math-159/,파이썬 수학: LinearEq 클래스로 1차 방정식 문제 만들기,파이썬 수학,블로그·Instagram·YouTube,수학 질문→손계산→코드 검산,파이썬 과정·체험,채널 시연에 쓸 전체 실행 환경 확인; not-run,후보·미제작
https://msense.me/python/guides/code-math-160/,파이썬 수학: 연립방정식 해결 함수 만들기,파이썬 수학,블로그·Instagram·YouTube,수학 질문→손계산→코드 검산,파이썬 과정·체험,채널 시연에 쓸 전체 실행 환경 확인; passed-smoke,후보·미제작
https://msense.me/python/guides/code-math-161/,파이썬 수학: SimultaneousEq 클래스로 연립방정식 문제 만들기,파이썬 수학,블로그·Instagram·YouTube,수학 질문→손계산→코드 검산,파이썬 과정·체험,채널 시연에 쓸 전체 실행 환경 확인; not-run,후보·미제작
https://msense.me/python/guides/code-math-162/,파이썬 수학: 리스트 내포로 짝수 제곱 리스트 만들기 — 부등식 기초,파이썬 수학,블로그·Instagram·YouTube,수학 질문→손계산→코드 검산,파이썬 과정·체험,채널 시연에 쓸 전체 실행 환경 확인; passed-smoke,후보·미제작
https://msense.me/python/guides/code-math-163/,파이썬 수학: 조건을 만족하는 자연수 리스트 만들기,파이썬 수학,블로그·Instagram·YouTube,수학 질문→손계산→코드 검산,파이썬 과정·체험,채널 시연에 쓸 전체 실행 환경 확인; passed-smoke,후보·미제작
https://msense.me/python/guides/code-math-164/,파이썬 수학: 손익분기점 권수 계산하기,파이썬 수학,블로그·Instagram·YouTube,수학 질문→손계산→코드 검산,파이썬 과정·체험,채널 시연에 쓸 전체 실행 환경 확인; passed-smoke,후보·미제작
https://msense.me/python/guides/code-math-165/,파이썬 수학: 넘파이 배열에 람다 조건 적용하기,파이썬 수학,블로그·Instagram·YouTube,수학 질문→손계산→코드 검산,파이썬 과정·체험,채널 시연에 쓸 전체 실행 환경 확인; passed-smoke,후보·미제작
https://msense.me/python/guides/code-math-166/,파이썬 수학: for문과 리스트 내포로 조건에 맞는 수 찾기,파이썬 수학,블로그·Instagram·YouTube,수학 질문→손계산→코드 검산,파이썬 과정·체험,채널 시연에 쓸 전체 실행 환경 확인; passed-smoke,후보·미제작
https://msense.me/python/guides/code-math-167/,파이썬 수학: 2의 배수 리스트와 공책 손익분기점 구하기,파이썬 수학,블로그·Instagram·YouTube,수학 질문→손계산→코드 검산,파이썬 과정·체험,채널 시연에 쓸 전체 실행 환경 확인; passed-smoke,후보·미제작
https://msense.me/python/guides/code-math-168/,"파이썬 수학: lambda, numpy 배열, filter 복습하기",파이썬 수학,블로그·Instagram·YouTube,수학 질문→손계산→코드 검산,파이썬 과정·체험,채널 시연에 쓸 전체 실행 환경 확인; passed-smoke,후보·미제작
https://msense.me/python/guides/code-math-169/,파이썬 수학: InequalitySolver 클래스로 부등식 문제 풀기,파이썬 수학,블로그·Instagram·YouTube,수학 질문→손계산→코드 검산,파이썬 과정·체험,채널 시연에 쓸 전체 실행 환경 확인; not-run,후보·미제작
https://msense.me/python/guides/code-math-170/,파이썬 수학: 튜플 만들고 인덱싱과 슬라이싱하기,파이썬 수학,블로그·Instagram·YouTube,수학 질문→손계산→코드 검산,파이썬 과정·체험,채널 시연에 쓸 전체 실행 환경 확인; passed-smoke,후보·미제작
https://msense.me/python/guides/code-math-171/,파이썬 수학: 튜플을 리스트로 바꾸고 튜플 언패킹하기,파이썬 수학,블로그·Instagram·YouTube,수학 질문→손계산→코드 검산,파이썬 과정·체험,채널 시연에 쓸 전체 실행 환경 확인; passed-smoke,후보·미제작
https://msense.me/python/guides/code-math-172/,파이썬 수학: zip으로 두 리스트 짝짓기,파이썬 수학,블로그·Instagram·YouTube,수학 질문→손계산→코드 검산,파이썬 과정·체험,채널 시연에 쓸 전체 실행 환경 확인; passed-smoke,후보·미제작
https://msense.me/python/guides/code-math-173/,파이썬 수학: 길이가 다른 리스트를 zip으로 묶기,파이썬 수학,블로그·Instagram·YouTube,수학 질문→손계산→코드 검산,파이썬 과정·체험,채널 시연에 쓸 전체 실행 환경 확인; passed-smoke,후보·미제작
https://msense.me/python/guides/code-math-174/,파이썬 수학: scatter로 점 찍기,파이썬 수학,블로그·Instagram·YouTube,수학 질문→손계산→코드 검산,파이썬 과정·체험,채널 시연에 쓸 전체 실행 환경 확인; not-run,후보·미제작
https://msense.me/python/guides/code-math-175/,파이썬 수학: plot으로 y = x² + 1 그래프 그리기,파이썬 수학,블로그·Instagram·YouTube,수학 질문→손계산→코드 검산,파이썬 과정·체험,채널 시연에 쓸 전체 실행 환경 확인; not-run,후보·미제작
https://msense.me/python/guides/code-math-176/,"파이썬 수학: 제목, 축 이름, 범례로 그래프 꾸미기",파이썬 수학,블로그·Instagram·YouTube,수학 질문→손계산→코드 검산,파이썬 과정·체험,채널 시연에 쓸 전체 실행 환경 확인; not-run,후보·미제작
https://msense.me/python/guides/code-math-177/,파이썬 수학: 넘파이 배열로 여러 직선 그리기,파이썬 수학,블로그·Instagram·YouTube,수학 질문→손계산→코드 검산,파이썬 과정·체험,채널 시연에 쓸 전체 실행 환경 확인; not-run,후보·미제작
https://msense.me/python/guides/code-math-178/,파이썬 수학: 딕셔너리 만들고 키로 값 찾기,파이썬 수학,블로그·Instagram·YouTube,수학 질문→손계산→코드 검산,파이썬 과정·체험,채널 시연에 쓸 전체 실행 환경 확인; passed-smoke,후보·미제작
https://msense.me/python/guides/code-math-179/,파이썬 수학: get으로 안전하게 값 찾기,파이썬 수학,블로그·Instagram·YouTube,수학 질문→손계산→코드 검산,파이썬 과정·체험,채널 시연에 쓸 전체 실행 환경 확인; passed-smoke,후보·미제작
https://msense.me/python/guides/code-math-180/,파이썬 수학: 딕셔너리 값 수정하고 새 키 추가하기,파이썬 수학,블로그·Instagram·YouTube,수학 질문→손계산→코드 검산,파이썬 과정·체험,채널 시연에 쓸 전체 실행 환경 확인; passed-smoke,후보·미제작
https://msense.me/python/guides/code-math-181/,"파이썬 수학: pop으로 값 삭제하고 keys, values, items 둘러보기",파이썬 수학,블로그·Instagram·YouTube,수학 질문→손계산→코드 검산,파이썬 과정·체험,채널 시연에 쓸 전체 실행 환경 확인; passed-smoke,후보·미제작
https://msense.me/python/guides/code-math-182/,파이썬 수학: 이름표가 붙은 Series 만들기,파이썬 수학,블로그·Instagram·YouTube,수학 질문→손계산→코드 검산,파이썬 과정·체험,채널 시연에 쓸 전체 실행 환경 확인; passed-smoke,후보·미제작
https://msense.me/python/guides/code-math-183/,파이썬 수학: 몸무게 도수분포표 Series 만들기,파이썬 수학,블로그·Instagram·YouTube,수학 질문→손계산→코드 검산,파이썬 과정·체험,채널 시연에 쓸 전체 실행 환경 확인; passed-smoke,후보·미제작
https://msense.me/python/guides/code-math-184/,파이썬 수학: Series끼리 이름표 기준으로 더하기,파이썬 수학,블로그·Instagram·YouTube,수학 질문→손계산→코드 검산,파이썬 과정·체험,채널 시연에 쓸 전체 실행 환경 확인; passed-smoke,후보·미제작
https://msense.me/python/guides/code-math-185/,파이썬 수학: Series에서 이름표와 순서로 데이터 찾기,파이썬 수학,블로그·Instagram·YouTube,수학 질문→손계산→코드 검산,파이썬 과정·체험,채널 시연에 쓸 전체 실행 환경 확인; passed-smoke,후보·미제작
https://msense.me/python/guides/code-math-186/,파이썬 수학: 딕셔너리와 넘파이 배열로 DataFrame 만들기,파이썬 수학,블로그·Instagram·YouTube,수학 질문→손계산→코드 검산,파이썬 과정·체험,채널 시연에 쓸 전체 실행 환경 확인; passed-smoke,후보·미제작
https://msense.me/python/guides/code-math-187/,파이썬 수학: 인덱스 이름이 있는 DataFrame 만들기,파이썬 수학,블로그·Instagram·YouTube,수학 질문→손계산→코드 검산,파이썬 과정·체험,채널 시연에 쓸 전체 실행 환경 확인; passed-smoke,후보·미제작
https://msense.me/python/guides/code-math-188/,파이썬 수학: 성적 DataFrame에서 열과 행 꺼내기,파이썬 수학,블로그·Instagram·YouTube,수학 질문→손계산→코드 검산,파이썬 과정·체험,채널 시연에 쓸 전체 실행 환경 확인; passed-smoke,후보·미제작
https://msense.me/python/guides/code-math-189/,파이썬 수학: 특정 값 찾고 columns와 index 확인하기,파이썬 수학,블로그·Instagram·YouTube,수학 질문→손계산→코드 검산,파이썬 과정·체험,채널 시연에 쓸 전체 실행 환경 확인; passed-smoke,후보·미제작
https://msense.me/python/guides/code-math-190/,파이썬 수학: np.histogram으로 도수 구하기,파이썬 수학,블로그·Instagram·YouTube,수학 질문→손계산→코드 검산,파이썬 과정·체험,채널 시연에 쓸 전체 실행 환경 확인; passed-smoke,후보·미제작
https://msense.me/python/guides/code-math-191/,파이썬 수학: 도수에서 누적도수 만들기,파이썬 수학,블로그·Instagram·YouTube,수학 질문→손계산→코드 검산,파이썬 과정·체험,채널 시연에 쓸 전체 실행 환경 확인; passed-smoke,후보·미제작
https://msense.me/python/guides/code-math-192/,파이썬 수학: plt.hist로 히스토그램 그리고 꾸미기,파이썬 수학,블로그·Instagram·YouTube,수학 질문→손계산→코드 검산,파이썬 과정·체험,채널 시연에 쓸 전체 실행 환경 확인; not-run,후보·미제작
https://msense.me/python/guides/code-math-193/,파이썬 수학: np.histogram으로 도수분포표 만들기,파이썬 수학,블로그·Instagram·YouTube,수학 질문→손계산→코드 검산,파이썬 과정·체험,채널 시연에 쓸 전체 실행 환경 확인; passed-smoke,후보·미제작
https://msense.me/python/guides/code-math-194/,파이썬 수학: 상대도수와 누적도수 구하기,파이썬 수학,블로그·Instagram·YouTube,수학 질문→손계산→코드 검산,파이썬 과정·체험,채널 시연에 쓸 전체 실행 환경 확인; passed-smoke,후보·미제작
https://msense.me/python/guides/code-math-195/,파이썬 수학: plt.hist로 히스토그램 그리기,파이썬 수학,블로그·Instagram·YouTube,수학 질문→손계산→코드 검산,파이썬 과정·체험,채널 시연에 쓸 전체 실행 환경 확인; not-run,후보·미제작
https://msense.me/python/guides/code-math-196/,파이썬 수학: 계급값 구하고 plt.bar로 히스토그램 직접 그리기,파이썬 수학,블로그·Instagram·YouTube,수학 질문→손계산→코드 검산,파이썬 과정·체험,채널 시연에 쓸 전체 실행 환경 확인; not-run,후보·미제작
https://msense.me/python/guides/code-math-197/,파이썬 수학: itertools.permutations로 순열 만들기,파이썬 수학,블로그·Instagram·YouTube,수학 질문→손계산→코드 검산,파이썬 과정·체험,채널 시연에 쓸 전체 실행 환경 확인; passed-smoke,후보·미제작
https://msense.me/python/guides/code-math-198/,파이썬 수학: itertools.product로 주사위 두 개의 모든 경우 만들기,파이썬 수학,블로그·Instagram·YouTube,수학 질문→손계산→코드 검산,파이썬 과정·체험,채널 시연에 쓸 전체 실행 환경 확인; passed-smoke,후보·미제작
https://msense.me/python/guides/code-math-199/,파이썬 수학: itertools.combinations로 조합 만들기,파이썬 수학,블로그·Instagram·YouTube,수학 질문→손계산→코드 검산,파이썬 과정·체험,채널 시연에 쓸 전체 실행 환경 확인; passed-smoke,후보·미제작
https://msense.me/python/guides/code-math-200/,파이썬 수학: 소수 판별 함수로 주사위 합 검사하기,파이썬 수학,블로그·Instagram·YouTube,수학 질문→손계산→코드 검산,파이썬 과정·체험,채널 시연에 쓸 전체 실행 환경 확인; passed-smoke,후보·미제작
